study,configuration,precision@5,recall@5,diversity@5
signature_orders,1,0.4666666666666668,0.1166666666666667,7.223326685911244e-05
signature_orders,2,0.5047619047619047,0.1261904761904762,7.225027023182755e-05
signature_orders,3,0.5047619047619047,0.1261904761904762,7.225027584141442e-05
signature_orders,4,0.0,0.0,0.0
temperatures,0.1,0.5047619047619047,0.1261904761904762,0.14588398664909216
temperatures,0.5,0.5047619047619047,0.1261904761904762,0.14667769928870783
temperatures,1.0,0.5047619047619047,0.1261904761904762,7.225027023182755e-05
temperatures,2.0,0.5047619047619047,0.1261904761904762,0.14689788227988018
temperatures,5.0,0.5047619047619047,0.1261904761904762,0.1470754581388459
feature_combinations,mfccs,0.5047619047619047,0.1261904761904762,7.225027023182755e-05
feature_combinations,chroma,0.5047619047619047,0.1261904761904762,7.225027023182755e-05
feature_combinations,spectral_centroid,0.5047619047619047,0.1261904761904762,7.225027023182755e-05
feature_combinations,spectral_bandwidth,0.5047619047619047,0.1261904761904762,7.225027023182755e-05
feature_combinations,zero_crossing_rate,0.5047619047619047,0.1261904761904762,7.225027023182755e-05
feature_combinations,mfccs+chroma,0.5047619047619047,0.1261904761904762,7.225027023182755e-05
feature_combinations,mfccs+spectral_centroid,0.5047619047619047,0.1261904761904762,7.225027023182755e-05
feature_combinations,chroma+spectral_centroid,0.5047619047619047,0.1261904761904762,7.225027023182755e-05
feature_combinations,mfccs+chroma+spectral_centroid,0.5047619047619047,0.1261904761904762,7.225027023182755e-05
feature_combinations,mfccs+chroma+spectral_centroid+spectral_bandwidth,0.5047619047619047,0.1261904761904762,7.225027023182755e-05
feature_combinations,mfccs+chroma+spectral_centroid+spectral_bandwidth+zero_crossing_rate,0.5047619047619047,0.1261904761904762,7.225027023182755e-05
similarity_metrics,cosine,0.15254065040650408,0.001565272673779,4.5241611844651905e-05
similarity_metrics,euclidean,0.15254065040650408,0.001565272673779,0.009176218832572598
similarity_metrics,manhattan,0.14120934959349593,0.0018525667156358409,0.03669345240685831
component_contributions,path_signatures_only,0.15254065040650408,0.001565272673779,4.5241611844651905e-05
component_contributions,softmax_only,0.0,0.0,0.0
component_contributions,temperature_scaling_only,0.15254065040650408,0.001565272673779,0.9997470833261158
component_contributions,hybrid_full,0.0,0.0,0.0
