group,n,mean,std
Old-Time / Historic,179,0.7851864775465853,0.08768000209629277
Rock,1035,0.7814623721843756,0.08798254403893846
Electronic,915,0.7830510137511082,0.08264353306261205
International,18,0.7763590084181892,0.07474875941198912
Experimental,292,0.7705317583598502,0.08994303796789406
Folk,180,0.7719135693377919,0.08859120021010625
Hip-Hop,284,0.7768310587590849,0.08321765940298453
Jazz,158,0.796472553588167,0.08435057855539674
Spoken,118,0.7832532290179851,0.0886514720818823
Instrumental,153,0.7761808775998409,0.09405352068722865
Classical,195,0.7883145483640525,0.08162724495182305
Pop,128,0.7882560007274151,0.09217182495129327
Blues,74,0.7672233722499899,0.10918216356697041
Soul-RnB,123,0.7860528085289932,0.08058457856278116
Country,127,0.7816890975621742,0.09007052146447231
Easy Listening,21,0.7804446149440039,0.11758030978260649
