features,precision@5,recall@5,diversity@5,signature_count
mfccs,0.5047619047619047,0.1261904761904762,7.225027023182755e-05,100
chroma,0.5047619047619047,0.1261904761904762,7.225027023182755e-05,100
spectral_centroid,0.5047619047619047,0.1261904761904762,7.225027023182755e-05,100
spectral_bandwidth,0.5047619047619047,0.1261904761904762,7.225027023182755e-05,100
zero_crossing_rate,0.5047619047619047,0.1261904761904762,7.225027023182755e-05,100
mfccs+chroma,0.5047619047619047,0.1261904761904762,7.225027023182755e-05,100
mfccs+spectral_centroid,0.5047619047619047,0.1261904761904762,7.225027023182755e-05,100
chroma+spectral_centroid,0.5047619047619047,0.1261904761904762,7.225027023182755e-05,100
mfccs+chroma+spectral_centroid,0.5047619047619047,0.1261904761904762,7.225027023182755e-05,100
mfccs+chroma+spectral_centroid+spectral_bandwidth,0.5047619047619047,0.1261904761904762,7.225027023182755e-05,100
mfccs+chroma+spectral_centroid+spectral_bandwidth+zero_crossing_rate,0.5047619047619047,0.1261904761904762,7.225027023182755e-05,100
