user_id,archetype,engagement_level,diversity_preference,novelty_seeking,popularity_bias,n_interactions,avg_rating,preferred_genres,age_group,listening_frequency
user_162,Casual Listener,0.28102887187998127,0.12888621531959216,0.28869664722419525,1.0,59,1.88135593220339,"Pop, Rock",46-55,weekly
user_131,Casual Listener,0.2683169346774146,0.17577661339464867,0.1346686343249321,0.9456909676534484,122,1.7540983606557377,"Pop, Rock",26-35,monthly
user_134,Genre Specialist,0.6488581433391674,0.27344624980748844,0.38865381987571235,0.6196389184954034,411,1.8929440389294403,Rock,46-55,weekly
user_122,Music Enthusiast,0.8558738118197281,0.6487511503361096,0.452351544269089,0.3677604031371639,1089,2.19742883379247,"Rock, Electronic, Jazz, Classical",26-35,daily
user_107,Mainstream Fan,0.5219460456953924,0.0,0.26107805009911755,0.8624222258842628,184,1.7228260869565217,"Pop, Hip-Hop",55+,daily
user_96,Casual Listener,0.2850602943349171,0.43158579142729936,0.2035144787827356,0.7663941108449969,137,2.0875912408759123,"Pop, Rock",18-25,weekly
user_135,Music Enthusiast,0.9345340442795331,0.7698875081122127,0.7200620773321155,0.17012173878374245,820,2.352439024390244,"Rock, Electronic, Jazz, Classical",18-25,daily
user_45,Genre Specialist,0.6157074200778245,0.20305520218431675,0.44887855088792417,0.5863523972598603,458,1.8034934497816595,Rock,18-25,weekly
user_93,Casual Listener,0.11388772897142968,0.4241158956216626,0.2050154696533231,0.7946930086880784,48,2.125,"Pop, Rock",46-55,weekly
user_136,Genre Specialist,0.8313913842963913,0.19277481793979725,0.3262961851508201,0.3697726444735451,740,1.7702702702702702,Rock,46-55,monthly
user_70,Genre Specialist,0.5115384489793945,0.3823680848773432,0.4081876681667719,0.5299154301570337,230,1.9695652173913043,Rock,46-55,weekly
user_81,Genre Specialist,0.7439779011721233,0.1398740272007447,0.20257054316744819,0.5160630324513771,594,1.7727272727272727,Rock,36-45,monthly
user_51,Explorer,0.9623188251239337,0.9534318941250415,0.835659182389257,0.26353224004537656,408,2.247549019607843,"Jazz, Blues, Classical",36-45,daily
user_17,Music Enthusiast,0.9002934848487888,0.705462332021753,0.9665674930025738,0.36337455101709154,948,2.5158227848101267,"Rock, Electronic, Jazz, Classical",26-35,monthly
user_172,Music Enthusiast,0.9561277150105277,0.8726425887689012,0.5982637600139673,0.0,1255,2.299601593625498,"Rock, Electronic, Jazz, Classical",26-35,weekly
user_29,Mainstream Fan,0.4667670480744106,0.02479066615046785,0.11107402938727615,0.9733704807033635,268,1.7276119402985075,"Pop, Hip-Hop",46-55,weekly
user_71,Music Enthusiast,0.9178860934636484,0.9445046576004308,0.5192764235758038,0.3372165881385887,601,2.454242928452579,"Rock, Electronic, Jazz, Classical",18-25,weekly
user_57,Casual Listener,0.4779628849423027,0.4064696482338577,0.19141933729496882,0.9083613349760776,235,2.123404255319149,"Pop, Rock",18-25,weekly
user_184,Casual Listener,0.5056406410237688,0.3227793676842146,0.17861548091594734,0.7065481208296561,133,1.849624060150376,"Pop, Rock",36-45,weekly
user_148,Mainstream Fan,0.5570752173831897,0.23031658016987003,0.1898827575848176,1.0,427,1.730679156908665,"Pop, Hip-Hop",18-25,monthly
user_179,Casual Listener,0.3669190345098826,0.08532564785393248,0.27641623296283685,0.8626732879295955,108,1.8518518518518519,"Pop, Rock",46-55,daily
user_43,Casual Listener,0.24452219576265077,0.2371194308736749,0.24887427202374138,0.7636843032074956,65,1.8461538461538463,"Pop, Rock",36-45,weekly
user_161,Genre Specialist,0.6500347698926536,0.01773528166227234,0.5263891938980731,0.5370564833461161,251,1.7689243027888446,Rock,18-25,daily
user_100,Music Enthusiast,0.8160170906023081,0.6583491335720817,0.7745300537696915,0.3270168160480591,1014,2.3747534516765287,"Rock, Electronic, Jazz, Classical",36-45,daily
user_182,Genre Specialist,0.6256769030178655,0.37236263254861335,0.3542707676637564,0.5654768598348975,545,1.9192660550458716,Rock,36-45,weekly
user_37,Casual Listener,0.29933172642645967,0.4966744481514592,0.1750956232509036,0.8371043379739481,98,2.0816326530612246,"Pop, Rock",26-35,daily
user_8,Casual Listener,0.22885811469645126,0.2904163470772495,0.2543576054271868,0.746843734615063,69,1.7826086956521738,"Pop, Rock",36-45,monthly
user_14,Explorer,0.716980532145931,0.8271344858331332,0.8236262793647985,0.15975233613300568,455,2.3472527472527474,Rock,46-55,daily
user_180,Mainstream Fan,0.7211863145272702,0.07194047722606298,0.11454921445903873,0.9114313566452816,402,1.7263681592039801,"Pop, Hip-Hop",46-55,daily
user_189,Genre Specialist,0.6190355755356262,0.35595061238261116,0.31042240855284337,0.4073473880505644,471,1.7940552016985138,Rock,46-55,weekly
user_11,Casual Listener,0.5480084418218923,0.29615652300483974,0.3455289341777372,0.8330994355733886,228,2.06140350877193,"Pop, Rock",26-35,weekly
user_53,Casual Listener,0.5712089741482568,0.2504107731216373,0.16900651350447357,0.8308249217736638,238,1.8067226890756303,"Pop, Rock",18-25,monthly
user_6,Explorer,0.8049696215461736,0.9569963613923477,0.9783536566426475,0.3186978877317977,459,2.0958605664488017,"Folk, Easy Listening",36-45,weekly
user_24,Mainstream Fan,0.6139311230345749,0.05034488216826567,0.03558111169214044,0.7400718847552542,476,1.7205882352941178,"Pop, Hip-Hop",26-35,weekly
user_7,Casual Listener,0.16155929383014356,0.30951369311507065,0.3079499966639895,0.7779167595569418,77,1.9090909090909092,"Pop, Rock",46-55,daily
user_88,Mainstream Fan,0.729514599560084,0.214279794763491,0.056397298170766504,0.8402143927042605,371,1.733153638814016,"Pop, Hip-Hop",18-25,monthly
user_175,Casual Listener,0.1907938231458439,0.375771042499709,0.1751756848799732,0.8662439229547777,37,1.972972972972973,"Pop, Rock",18-25,daily
user_183,Casual Listener,0.3535589901699374,0.18286237640280822,0.4193408416268685,0.8059420928502866,186,1.8870967741935485,"Pop, Rock",26-35,daily
user_35,Casual Listener,0.4468176788742116,0.1892042668007321,0.3546935357786453,0.8338221449815083,159,1.89937106918239,"Pop, Rock",18-25,monthly
user_128,Genre Specialist,0.7109147309282702,0.2858668048278284,0.4569897742383846,0.4459797033651303,547,1.8409506398537476,Rock,18-25,weekly
user_75,Genre Specialist,0.6981941627711546,0.12822855798678995,0.48732155039372826,0.5574750321594634,507,1.7928994082840237,Rock,26-35,daily
user_186,Genre Specialist,0.5942595025770028,0.17062249214644393,0.23313914590300577,0.1918421309802602,433,1.7759815242494226,Rock,26-35,daily
user_99,Genre Specialist,0.6487514315888078,0.22776672533680598,0.5168126609705933,0.5892890765422099,423,1.9361702127659575,Rock,18-25,monthly
user_78,Casual Listener,0.49342148850567447,0.2913872333850742,0.23758822861165252,0.8749593772876673,138,1.934782608695652,"Pop, Rock",36-45,daily
user_123,Casual Listener,0.3366959257980567,0.44314858274181423,0.16376404975688846,0.8858811536854896,169,2.0828402366863905,"Pop, Rock",26-35,daily
user_133,Casual Listener,0.2707040304853301,0.38988990656531336,0.04776682943440608,0.7956557368766195,82,1.829268292682927,"Pop, Rock",18-25,daily
user_74,Casual Listener,0.43825908097282584,0.31509331379311933,0.12159980706386231,0.9485948003935041,227,1.9955947136563876,"Pop, Rock",55+,weekly
user_125,Explorer,0.9095803993344826,0.9144532781823685,0.998060225136746,0.1443604443144159,283,1.9752650176678446,Soul-RnB,26-35,daily
user_120,Music Enthusiast,1.0,0.6850047972327321,0.7777356873864881,0.3217587302070303,1313,2.3564356435643563,"Rock, Electronic, Jazz, Classical",46-55,daily
user_89,Music Enthusiast,0.8724928757337863,0.8118938320946655,0.6729683877006591,0.42882722828970266,1026,2.47270955165692,"Rock, Electronic, Jazz, Classical",46-55,daily
user_39,Genre Specialist,0.7935952306432476,0.07792192486644606,0.39793845992450316,0.46703054990969745,321,1.7725856697819315,Rock,36-45,daily
user_63,Music Enthusiast,0.8533140812946695,0.8166650859102471,0.7337349272954282,0.2042139682908351,988,2.409919028340081,"Rock, Electronic, Jazz, Classical",26-35,weekly
user_155,Casual Listener,0.5340266743775646,0.3204688420938819,0.13441424496054277,0.6543567824552775,225,1.808888888888889,"Pop, Rock",18-25,weekly
user_65,Casual Listener,0.4146390052856713,0.41260982159249177,0.3445466595211207,0.8097165253263676,139,2.093525179856115,"Pop, Rock",26-35,monthly
user_77,Music Enthusiast,0.9418573868933378,0.848265978742884,0.597449431240058,0.2646099855374075,1026,2.414230019493177,"Rock, Electronic, Jazz, Classical",46-55,monthly
user_116,Explorer,0.7480033064236551,0.8357708487747789,0.7286724776825054,0.18285112649702917,491,2.026476578411405,"Jazz, Soul-RnB",46-55,weekly
user_171,Mainstream Fan,0.6435409156971532,0.1020927412635914,0.12466870215039852,0.9140367608314092,390,1.7102564102564102,"Pop, Hip-Hop",55+,weekly
user_114,Casual Listener,0.5383086933803479,0.1963869583473117,0.23663398988740877,0.8083417639404467,164,1.8109756097560976,"Pop, Rock",36-45,weekly
user_105,Casual Listener,0.5984614402904397,0.47819041491251263,0.15770227109336327,0.7798762333861043,260,2.0730769230769233,"Pop, Rock",26-35,daily
user_170,Casual Listener,0.29873283990488697,0.35260303149820954,0.4786847314115724,0.6823149436144567,90,2.0555555555555554,"Pop, Rock",18-25,weekly
user_12,Genre Specialist,0.5610222865195192,0.2871753931990322,0.6535211119690529,0.6119670288813723,465,2.0795698924731183,Rock,36-45,daily
user_121,Mainstream Fan,0.5559550221917356,0.06671592146558261,0.0,1.0,340,1.7411764705882353,"Pop, Hip-Hop",26-35,daily
user_195,Casual Listener,0.2658347578640957,0.377496487768468,0.1428301964479662,0.8268601939342329,115,1.982608695652174,"Pop, Rock",55+,weekly
user_60,Genre Specialist,0.6303617238419071,0.2750766231005711,0.19824109018415445,0.2984042146947112,615,1.775609756097561,Rock,36-45,daily
user_185,Casual Listener,0.40333052249749607,0.25797338214113175,0.25174082943133363,0.64469162482602,201,1.8059701492537314,"Pop, Rock",36-45,monthly
user_110,Genre Specialist,0.713453094494379,0.17548741196683523,0.5217338328426124,0.5756744075772172,744,1.8279569892473118,Rock,26-35,monthly
user_91,Genre Specialist,0.46666790051507645,0.020865537250013,0.4401676706727764,0.36650805533084596,278,1.7733812949640289,Rock,18-25,weekly
user_68,Explorer,0.7011662939612336,1.0,0.9938223940733255,0.0,240,2.191666666666667,"Spoken, International",18-25,weekly
user_198,Casual Listener,0.4000600653397192,0.24447276043166408,0.07158956741645237,0.6833031684094812,182,1.8186813186813187,"Pop, Rock",36-45,weekly
user_59,Music Enthusiast,1.0,0.7551885975360202,0.5750917766215993,0.42328080688597947,475,2.423157894736842,"Rock, Electronic, Jazz, Classical",18-25,monthly
user_38,Explorer,0.6646586011186135,0.8156395349169752,0.8492810103153795,0.18263680832972662,273,1.8974358974358974,Country,55+,daily
user_174,Music Enthusiast,0.8294157842834408,0.7025960061658898,0.7821575172776816,0.45693665572483794,502,2.4342629482071714,"Rock, Electronic, Jazz, Classical",46-55,daily
user_87,Casual Listener,0.2871700391835199,0.23954151312916883,0.10008576956684362,0.8149410704963236,144,1.7986111111111112,"Pop, Rock",46-55,weekly
user_28,Genre Specialist,0.7891988533030783,0.234929932472667,0.5208513835036969,0.4739545855162157,529,1.8601134215500945,Rock,26-35,daily
user_157,Music Enthusiast,0.9975930978616615,0.7261597820801302,0.8018237243780464,0.20743521561983325,943,2.387062566277837,"Rock, Electronic, Jazz, Classical",18-25,weekly
user_193,Casual Listener,0.4094752206798649,0.21840484799380555,0.07022309839178303,0.8659058256580775,144,1.7916666666666667,"Pop, Rock",36-45,daily
user_86,Music Enthusiast,0.6904311527058375,0.9941527292499956,0.7879820701917465,0.19122353328790626,884,2.483031674208145,"Rock, Electronic, Jazz, Classical",36-45,weekly
user_147,Genre Specialist,0.6565506662438665,0.2028176947441507,0.5413463369391597,0.5885596111305477,470,1.9063829787234043,Rock,46-55,daily
user_16,Music Enthusiast,0.8721398741095967,0.7888672700992946,0.6481591510614105,0.4066313268892559,412,2.441747572815534,"Rock, Electronic, Jazz, Classical",18-25,weekly
user_98,Music Enthusiast,0.9463147625620834,0.8141790817772508,0.7042426437613432,0.14840648922801658,760,2.3723684210526317,"Rock, Electronic, Jazz, Classical",36-45,daily
user_36,Casual Listener,0.33015052689124114,0.3831281785905558,0.09402195566009593,0.7950134137848323,147,1.8911564625850341,"Pop, Rock",26-35,daily
user_61,Mainstream Fan,0.6876585678540028,0.0,0.08680938773866548,0.8650037323670766,252,1.742063492063492,"Pop, Hip-Hop",18-25,daily
user_137,Genre Specialist,0.8259719129931922,0.12588390444855024,0.31603498217888526,0.51758588954463,792,1.7727272727272727,Rock,26-35,monthly
user_18,Music Enthusiast,0.7166148157675774,0.8379151843173183,0.5733437922844464,0.40326780357756775,364,2.423076923076923,"Rock, Electronic, Jazz, Classical",26-35,weekly
user_21,Genre Specialist,0.7496859137257832,0.3734706129525704,0.45389875634600607,0.49455186277381863,449,1.9287305122494431,Rock,26-35,weekly
user_103,Genre Specialist,0.6043823540561006,0.26255445468728034,0.2750370263340941,0.3570124990461634,422,1.7701421800947867,Rock,55+,daily
user_25,Genre Specialist,0.7373722617398286,0.34980825314011144,0.3730268834721998,0.5384715272609459,689,1.888243831640058,Rock,26-35,daily
user_15,Genre Specialist,0.7513821178857117,0.20755342237401928,0.5311686867210833,0.5220074682836707,567,1.8606701940035273,Rock,26-35,daily
user_118,Mainstream Fan,0.5358136683192993,0.04276203205270654,0.04899474920051148,0.7038866325671556,294,1.7312925170068028,"Pop, Hip-Hop",18-25,weekly
user_72,Music Enthusiast,0.8205306557187364,0.7938459368368168,0.6024962288133392,0.27846568222489076,402,2.3606965174129355,"Rock, Electronic, Jazz, Classical",18-25,daily
user_50,Casual Listener,0.4634612393053336,0.3135133675085149,0.01559801391943852,0.8512391667420076,105,1.8285714285714285,"Pop, Rock",18-25,weekly
user_168,Mainstream Fan,0.5857781286854622,0.19783767280681794,0.21896319249516397,0.802041499120002,234,1.7136752136752136,"Pop, Hip-Hop",55+,daily
user_152,Music Enthusiast,0.8987645921260199,0.8276241341626542,0.6075132043586913,0.44186519710386557,725,2.4331034482758622,"Rock, Electronic, Jazz, Classical",26-35,weekly
user_190,Casual Listener,0.47331716586423683,0.4066832175335363,0.08243021394234168,0.7302719722721204,116,1.9827586206896552,"Pop, Rock",36-45,weekly
user_199,Casual Listener,0.4026667328089021,0.41751980910474984,0.11991539457547166,0.9609077680935105,107,2.1682242990654204,"Pop, Rock",36-45,weekly
user_55,Genre Specialist,0.7706021244191117,0.19469559842854836,0.5254329058172575,0.4616501093454216,645,1.8186046511627907,Rock,36-45,monthly
user_181,Casual Listener,0.51969624868917,0.23145390467296592,0.277573755658283,0.8425896711342717,99,1.8282828282828283,"Pop, Rock",55+,daily
user_92,Explorer,0.8274437781380518,0.7080802719596253,0.8841899371079693,0.27288063240581606,505,2.1920792079207922,"Soul-RnB, Experimental, Blues",26-35,daily
user_163,Music Enthusiast,0.8599463471839013,0.8684110541642756,0.650305738747901,0.23369491734830444,607,2.3805601317957166,"Rock, Electronic, Jazz, Classical",26-35,monthly
user_85,Casual Listener,0.2506159575367217,0.3234211916193662,0.30818414802375077,0.7182604732254587,61,1.9344262295081966,"Pop, Rock",26-35,monthly
user_69,Explorer,0.7243615274102039,1.0,0.8331632177834074,0.0,159,1.5723270440251573,International,36-45,weekly
user_177,Genre Specialist,0.8184914014093165,0.1793892440654371,0.4889808849201198,0.5600428986480378,600,1.8133333333333332,Rock,36-45,weekly
user_95,Genre Specialist,0.640590778550068,0.19212169977468732,0.4184262965117333,0.6924762039589699,240,1.8125,Rock,18-25,weekly
user_52,Genre Specialist,0.6644140599890384,0.17028040763597996,0.4994286232108662,0.34851413731796155,516,1.7577519379844961,Rock,36-45,weekly
user_159,Music Enthusiast,0.867636095374582,0.8051507248214901,0.5192898767399862,0.3052456975932025,1148,2.337979094076655,"Rock, Electronic, Jazz, Classical",36-45,daily
user_169,Genre Specialist,0.6478101113728828,0.3300605539983187,0.42394837623339854,0.45098018268783396,631,1.8431061806656102,Rock,46-55,daily
user_188,Explorer,0.7840792263124347,0.8776500880278949,0.9002651382838327,0.35534680827929693,414,2.4613526570048307,"Rock, International",18-25,monthly
user_127,Genre Specialist,0.7183240738143735,0.2010144916861903,0.2789826682716028,0.49041782700901404,602,1.7624584717607974,Rock,18-25,weekly
user_79,Genre Specialist,0.8326882902053503,0.3159908919673511,0.33067477085578767,0.5057362167036261,438,1.82648401826484,Rock,36-45,weekly
user_42,Explorer,1.0,0.7734812695785471,0.8063177287491802,0.0,536,1.7201492537313432,"Blues, Country",36-45,daily
user_164,Casual Listener,0.4378515679927698,0.3566102370939693,0.47725232752355196,0.815148980445907,92,2.1630434782608696,"Pop, Rock",26-35,weekly
user_124,Casual Listener,0.3670267812489003,0.37674336630601774,0.22471399910079357,0.6153830972141632,101,1.900990099009901,"Pop, Rock",26-35,weekly
user_41,Casual Listener,0.4701922389374652,0.25596967000194776,0.2502832977504993,0.8350329048936013,202,1.881188118811881,"Pop, Rock",46-55,daily
user_90,Casual Listener,0.5585370172003312,0.5020353345271189,0.2862627150402405,1.0,231,2.2987012987012987,"Pop, Rock",18-25,monthly
user_115,Genre Specialist,0.6770735439919048,0.20805599897723873,0.3909375092385328,0.531263919011676,603,1.7860696517412935,Rock,26-35,daily
user_13,Genre Specialist,0.8882215093332442,0.2779639289986712,0.41429976293158527,0.5681247075072319,453,1.869757174392936,Rock,36-45,weekly
user_27,Music Enthusiast,1.0,0.7803372716160207,0.682329322092825,0.4451977998755009,683,2.4773060029282576,"Rock, Electronic, Jazz, Classical",26-35,daily
user_73,Casual Listener,0.5184872705644232,0.44782133846785444,0.0743530018795727,0.8429906157491518,262,2.064885496183206,"Pop, Rock",46-55,daily
user_33,Casual Listener,0.28800232852947816,0.05539546047736124,0.294889575056494,0.8239002777644392,108,1.8055555555555556,"Pop, Rock",36-45,daily
user_173,Casual Listener,0.4569301489968761,0.4577489961997296,0.0,0.7519560171458816,175,1.9028571428571428,"Pop, Rock",18-25,weekly
user_119,Explorer,0.8263984059219394,0.8487187075338279,0.8844184650287994,0.20307279163999437,422,1.8601895734597156,Jazz,26-35,daily
user_145,Casual Listener,0.32858779274331307,0.38085428552972456,0.10291179908104209,0.8815032061672533,84,2.0238095238095237,"Pop, Rock",36-45,weekly
user_153,Genre Specialist,0.5456398440092216,0.15521645993861877,0.47662099750766734,0.5678066444746338,564,1.797872340425532,Rock,36-45,daily
user_3,Genre Specialist,0.7286715003141958,0.24901398532007804,0.180269269712097,0.6399073960795039,276,1.7644927536231885,Rock,26-35,daily
user_117,Music Enthusiast,0.8014813665742583,0.8097163000332999,0.6911895476666827,0.38484788155302585,552,2.447463768115942,"Rock, Electronic, Jazz, Classical",18-25,daily
user_64,Casual Listener,0.29002545203420316,0.32816886167494413,0.3176389203722935,0.8122309089015154,52,2.076923076923077,"Pop, Rock",36-45,weekly
user_144,Music Enthusiast,0.9407481537762667,0.7984097836543673,0.6283347785397043,0.32511647487123463,451,2.3924611973392462,"Rock, Electronic, Jazz, Classical",18-25,weekly
user_111,Music Enthusiast,0.9547667148484987,0.9088093199721334,0.8025433994372737,0.3052114187042913,903,2.4728682170542635,"Rock, Electronic, Jazz, Classical",36-45,daily
user_101,Explorer,0.7853315325030799,1.0,1.0,0.25887255376835433,663,2.4901960784313726,"Easy Listening, Pop, Electronic",46-55,weekly
user_151,Casual Listener,0.30145183516067264,0.38466006208140036,0.21446462036051603,0.71791898315567,138,1.9420289855072463,"Pop, Rock",18-25,weekly
user_40,Casual Listener,0.4790395052155395,0.3745881387362709,0.273457063651715,0.7312695476640728,102,2.0,"Pop, Rock",55+,weekly
user_97,Explorer,0.5265825524085472,0.8406983708211241,0.8545006038354264,0.09851331864081217,387,2.0180878552971575,"International, Old-Time / Historic",36-45,weekly
user_10,Genre Specialist,0.6111527903343098,0.21812720398812,0.47155791205175873,0.430487253100714,280,1.8035714285714286,Rock,26-35,daily
user_22,Casual Listener,0.2078754150061056,0.3072826771732216,0.2634001385556576,0.6201603083396248,107,1.8317757009345794,"Pop, Rock",36-45,daily
user_160,Mainstream Fan,0.7982241843056281,0.12881613653609122,0.15345093605500007,0.8548491975789543,541,1.722735674676525,"Pop, Hip-Hop",46-55,weekly
user_140,Mainstream Fan,0.610890812277931,0.2834558506593095,0.2166127477325874,1.0,202,1.7178217821782178,"Pop, Hip-Hop",46-55,weekly
user_67,Explorer,0.870536825856684,0.9919775199472072,0.8709061591828745,0.0916846526337102,718,2.3036211699164344,"Hip-Hop, Jazz, Pop",55+,weekly
user_76,Genre Specialist,0.6813690341945606,0.0,0.41917851463267475,0.47067353195328204,550,1.7745454545454546,Rock,36-45,monthly
user_94,Genre Specialist,0.6578713058636136,0.2734295277743877,0.6190795280789437,0.5859903756808766,297,2.0202020202020203,Rock,26-35,daily
user_62,Casual Listener,0.3049507849738175,0.23356220166158947,0.3438022991624707,0.8074471007387712,66,1.9545454545454546,"Pop, Rock",36-45,daily
user_26,Music Enthusiast,0.7744316054727097,0.7962150440284453,0.7282124069308852,0.22861688439959138,758,2.428759894459103,"Rock, Electronic, Jazz, Classical",18-25,weekly
user_46,Genre Specialist,0.7423151029733398,0.1992215119663574,0.3591614767447386,0.5153678005087312,349,1.7908309455587392,Rock,46-55,monthly
user_20,Casual Listener,0.4238937641019541,0.3416147244172924,0.029635227926416957,0.7260828712694944,176,1.7897727272727273,"Pop, Rock",46-55,daily
user_156,Genre Specialist,0.9073761106244262,0.2254391118956767,0.33561007067442455,0.537092947044542,738,1.7710027100271002,Rock,46-55,daily
user_23,Music Enthusiast,0.9654911291221063,0.6716522449087311,0.7621675780270423,0.2975812256608487,971,2.350154479917611,"Rock, Electronic, Jazz, Classical",55+,weekly
user_83,Genre Specialist,0.7554151429301682,0.23154095292910234,0.4340352101994645,0.4196586749258554,338,1.7810650887573964,Rock,18-25,daily
user_47,Music Enthusiast,0.8924384043138935,0.6555183781724359,0.710428007961508,0.2620655224520233,504,2.3333333333333335,"Rock, Electronic, Jazz, Classical",18-25,daily
user_129,Music Enthusiast,0.8698807605471691,0.8448395473030189,0.6689183916945491,0.4480314121929161,526,2.505703422053232,"Rock, Electronic, Jazz, Classical",26-35,weekly
user_9,Casual Listener,0.47065779149930703,0.3550326954976895,0.08461144689188943,0.8350249187362505,236,1.9152542372881356,"Pop, Rock",26-35,monthly
user_84,Casual Listener,0.43285842550735715,0.2668886433121499,0.0,0.9507542308680215,197,1.8274111675126903,"Pop, Rock",55+,monthly
user_187,Music Enthusiast,0.9219274485230297,0.8529859372154129,0.4863773659546283,0.3600976734060407,679,2.390279823269514,"Rock, Electronic, Jazz, Classical",46-55,monthly
user_130,Explorer,0.8205114758309717,0.8681164663823469,0.8937171332627987,0.23778898214551714,305,2.1278688524590166,Folk,18-25,daily
user_48,Explorer,0.9983769046727742,0.8716609405933626,0.9368023667716537,0.22174360916247238,409,1.9511002444987775,"International, Soul-RnB, Easy Listening",26-35,weekly
user_138,Casual Listener,0.5240800636161026,0.3427040955437016,0.13564604317297185,0.8955681604114674,195,1.9487179487179487,"Pop, Rock",46-55,daily
user_191,Genre Specialist,0.6466005762551931,0.23868565879294965,0.4695428242148188,0.30698161581299255,363,1.7796143250688705,Rock,46-55,daily
user_108,Mainstream Fan,0.652877584798035,0.28399265291915865,0.24055984353061247,0.7052936234788914,486,1.728395061728395,"Pop, Hip-Hop",26-35,monthly
user_139,Genre Specialist,0.8760551056772605,0.3340846819779009,0.5292464534444595,0.553982548788716,368,2.029891304347826,Rock,26-35,monthly
user_158,Casual Listener,0.316932145449916,0.09635262256500526,0.2880296157089167,0.6003037451355296,101,1.7425742574257426,"Pop, Rock",26-35,weekly
user_4,Genre Specialist,0.8212577080631893,0.11675770737808328,0.3105816464586871,0.5802272462910196,371,1.7735849056603774,Rock,46-55,weekly
user_66,Explorer,0.8909800600808391,0.8171556295701758,0.86020211194535,0.34795147914913377,191,1.87434554973822,Blues,55+,daily
user_146,Music Enthusiast,0.7872107584798607,0.8720233897159936,0.593786006554872,0.3596610000581194,974,2.440451745379877,"Rock, Electronic, Jazz, Classical",18-25,monthly
user_2,Explorer,0.8645825122867133,0.9469545861084976,0.8904889913144723,0.03807765949606595,475,2.4189473684210525,"Rock, Electronic",26-35,monthly
user_113,Genre Specialist,0.7201769183708314,0.14102047097766132,0.4085963845432875,0.5619511153129513,677,1.776957163958641,Rock,18-25,weekly
user_142,Casual Listener,0.48171081901651097,0.12102477256109301,0.1926736818100766,0.7300197157078036,224,1.78125,"Pop, Rock",36-45,weekly
user_194,Mainstream Fan,0.6181155553275843,0.1890782017691037,0.11832941571272171,0.9740119354690333,382,1.7146596858638743,"Pop, Hip-Hop",18-25,weekly
user_109,Casual Listener,0.39219247017438913,0.3724000208151462,0.07753955850811639,0.9286296530151439,204,1.9656862745098038,"Pop, Rock",18-25,monthly
user_102,Casual Listener,0.4937129455868884,0.2949541947602988,0.3951299333042913,0.6603657657049536,117,1.9059829059829059,"Pop, Rock",26-35,monthly
user_166,Explorer,0.6287033024465086,1.0,0.7823665179377646,0.08370217901474764,455,2.2131868131868133,"Soul-RnB, Classical",18-25,daily
user_176,Explorer,0.8737319347052136,0.8013130990976887,1.0,0.29161717336173326,410,2.1731707317073172,"Folk, Blues",18-25,daily
user_167,Mainstream Fan,0.6327665752354227,0.13932692436057734,0.0,0.8923490740930822,284,1.7288732394366197,"Pop, Hip-Hop",36-45,weekly
user_30,Casual Listener,0.5186075778488222,0.34012993379110595,0.20524517827221328,0.7157035835565244,174,1.896551724137931,"Pop, Rock",46-55,monthly
user_0,Music Enthusiast,0.6878715768047934,0.6966886238805453,0.7806295893753489,0.17580098006660033,820,2.347560975609756,"Rock, Electronic, Jazz, Classical",26-35,monthly
user_32,Explorer,0.7790623036209184,0.8539415768778319,0.809837233616944,0.24677554961094222,444,2.1171171171171173,"Jazz, Soul-RnB",36-45,monthly
user_34,Mainstream Fan,0.42911579587123494,0.03519261989238581,0.0,1.0,229,1.7292576419213974,"Pop, Hip-Hop",46-55,daily
user_5,Music Enthusiast,0.8839331751646848,0.8143238779866957,0.5325771762071424,0.4293897192916406,630,2.388888888888889,"Rock, Electronic, Jazz, Classical",36-45,daily
user_49,Casual Listener,0.38990855338900965,0.5079469410558498,0.22997041376483318,0.7394742031808441,103,2.0485436893203883,"Pop, Rock",46-55,daily
user_56,Genre Specialist,0.6970683394721264,0.35743655543227776,0.20525482335761314,0.38718381067180374,640,1.7609375,Rock,18-25,weekly
user_154,Genre Specialist,0.6710171400967933,0.26599850730136276,0.26097169157229716,0.6751104182712557,325,1.803076923076923,Rock,18-25,monthly
user_143,Music Enthusiast,0.955838219298075,0.7114032417797612,0.7213495268609095,0.3748821969600554,779,2.418485237483954,"Rock, Electronic, Jazz, Classical",18-25,daily
user_82,Casual Listener,0.258599116898133,0.355837558393806,0.16936077378815506,0.8253084666947265,126,1.992063492063492,"Pop, Rock",46-55,monthly
user_19,Casual Listener,0.38645409887145965,0.4006184506174969,0.10809888704815901,0.8691695366340424,106,2.0660377358490565,"Pop, Rock",26-35,weekly
user_165,Mainstream Fan,0.5825813829149328,0.3285329045148314,0.0811227439880349,1.0,226,1.7079646017699115,"Pop, Hip-Hop",18-25,daily
user_58,Genre Specialist,0.613264934314242,0.21401988703779182,0.4367458587226372,0.4121192247208988,297,1.7878787878787878,Rock,26-35,daily
user_106,Genre Specialist,0.6880609454367959,0.17125127060470033,0.5543940336671985,0.4623379806365175,485,1.8144329896907216,Rock,18-25,monthly
user_196,Music Enthusiast,1.0,0.7845216119810587,0.7546607633544536,0.10728863304162073,786,2.340966921119593,"Rock, Electronic, Jazz, Classical",18-25,monthly
user_126,Music Enthusiast,0.8569484513654837,0.7721649409407673,0.7287682010669592,0.10162606825073633,511,2.344422700587084,"Rock, Electronic, Jazz, Classical",18-25,daily
user_178,Explorer,0.6688376210599318,0.823438994095054,0.8446211547621317,0.17004077891113784,313,1.6549520766773163,Blues,46-55,daily
user_80,Explorer,0.7494106147875659,1.0,0.6966040871842557,0.21454420719070177,286,2.195804195804196,Classical,18-25,monthly
user_192,Explorer,0.791474015640711,0.8207155724598781,0.9408249272943128,0.134203789240339,447,1.9507829977628635,"International, Classical",55+,daily
user_1,Casual Listener,0.43861041635843573,0.48115046204207335,0.3912295855679592,1.0,119,2.411764705882353,"Pop, Rock",36-45,weekly
user_44,Genre Specialist,0.5586136325647478,0.3535937647778193,0.3526981803253717,0.4024220594864256,289,1.8477508650519032,Rock,36-45,daily
user_31,Genre Specialist,0.7082429496320997,0.02623081587660578,0.4774056046353233,0.7003574345961786,700,1.7685714285714285,Rock,36-45,daily
user_197,Casual Listener,0.5167487026825998,0.32498055449610136,0.1510687681803674,0.8580096096512893,120,1.9916666666666667,"Pop, Rock",36-45,weekly
user_150,Music Enthusiast,0.8059874756758315,0.9658703652711657,0.7935247057785941,0.22667828568021597,489,2.4805725971370145,"Rock, Electronic, Jazz, Classical",36-45,monthly
user_132,Genre Specialist,0.6921872757514499,0.1513516950172553,0.4703324732294803,0.5038785372965939,563,1.7602131438721136,Rock,18-25,daily
user_149,Explorer,0.5933480067905046,1.0,0.9479695292223931,0.3217741909001979,301,2.3588039867109636,"Pop, Instrumental",18-25,daily
user_112,Music Enthusiast,1.0,0.7274039771185041,0.8364777907114427,0.3142991065453119,1029,2.4402332361516037,"Rock, Electronic, Jazz, Classical",18-25,daily
user_141,Genre Specialist,0.7074561139118465,0.19831789596230492,0.34211656918336764,0.44383229951516356,256,1.76953125,Rock,46-55,monthly
user_54,Genre Specialist,0.7527218444813275,0.2040811709016621,0.321632305089562,0.4749819499346414,461,1.754880694143167,Rock,26-35,weekly
user_104,Casual Listener,0.40877498764028675,0.21700273517711638,0.11185789905809645,0.7812084511611294,77,1.7792207792207793,"Pop, Rock",36-45,weekly
