,MFCC_0_mean,MFCC_0_std,MFCC_1_mean,MFCC_1_std,MFCC_2_mean,MFCC_2_std,MFCC_3_mean,MFCC_3_std,MFCC_4_mean,MFCC_4_std,MFCC_5_mean,MFCC_5_std,MFCC_6_mean,MFCC_6_std,MFCC_7_mean,MFCC_7_std,MFCC_8_mean,MFCC_8_std,MFCC_9_mean,MFCC_9_std,MFCC_10_mean,MFCC_10_std,MFCC_11_mean,MFCC_11_std,MFCC_12_mean,MFCC_12_std,Chroma_0_mean,Chroma_0_std,Chroma_1_mean,Chroma_1_std,Chroma_2_mean,Chroma_2_std,Chroma_3_mean,Chroma_3_std,Chroma_4_mean,Chroma_4_std,Chroma_5_mean,Chroma_5_std,Chroma_6_mean,Chroma_6_std,Chroma_7_mean,Chroma_7_std,Chroma_8_mean,Chroma_8_std,Chroma_9_mean,Chroma_9_std,Chroma_10_mean,Chroma_10_std,Chroma_11_mean,Chroma_11_std,SpecCentroid_mean,SpecCentroid_std,SpecBandwidth_mean,SpecBandwidth_std,ZCR_mean,ZCR_std
MFCC_0_mean,1.0,0.22889552285754555,0.6483870008029067,0.4102803418048752,-0.20106616128473478,0.4232838144724364,0.5579188121824624,0.46569265529775555,0.02052894179631348,0.45210717601968914,0.395584978841518,0.44666547718077093,0.06566679364412377,0.4916983306467203,0.4346489051884031,0.49529116933357664,0.05695571084338096,0.4865406189330783,0.36015290558490615,0.5019305232689046,-0.030309145584107664,0.49454350787347395,0.34941150819527134,0.50795545488273,-0.1452905822190054,0.4990813626847584,0.17273601759136398,-0.36493940159973676,0.030340927090134376,-0.441876042665906,0.1952597569947176,-0.3080093645072923,0.2720767107073047,-0.2330571694355985,0.3731741201362694,-0.1587553103178965,0.4216595912151484,-0.10717432756535479,0.46846368965802765,-0.05184533173692749,0.5305786861533589,0.026458246724387853,0.5272404851396119,0.09719728332593443,0.4832470917730052,0.1169340106740784,0.39741672153342006,0.11002757167824623,0.31640369204164365,0.09577650737199281,0.3242746035327475,-0.3419598291311993,0.31971311328634017,-0.39144043894211383,0.23867155070232532,-0.2357018574055438
MFCC_0_std,0.22889552285754555,1.0,-0.09195457476935977,0.7077041650074015,0.2956152786263109,0.6357432156386355,0.24586844374211378,0.5913534538953876,0.1964451215828807,0.5836373491614484,0.3640605649591996,0.5719194515806401,0.20006935016090907,0.5586194459307922,0.30122627774618094,0.5665205705695342,0.14136185527643094,0.5507321778124996,0.2944997184004013,0.520384073944165,0.15046276952767346,0.5088079936676954,0.2704749895412803,0.4906535432119426,0.09198687810788256,0.4848213553365731,0.12366820418505975,0.39004814808302013,-0.26951605996206546,0.05996112728240501,-0.22439684154025885,0.021019832638666417,-0.1400863215113064,0.056811999019190686,-0.010496040350056173,0.18342171509725685,0.03663093783245142,0.2472245378109729,0.08950376920187554,0.3056314412259707,0.22691943173695786,0.4897235288339785,0.33825767275441837,0.5761835314232528,0.44170979728757953,0.6049063678486102,0.4939222551917828,0.5920028426039775,0.48085639416090037,0.5605515398447491,-0.2756332623764576,0.3645497378964363,-0.07774139158654002,0.12461555680003626,-0.447668438932557,0.5150190866362131
MFCC_1_mean,0.6483870008029067,-0.09195457476935977,1.0,0.14859488161135603,-0.20576472053128192,0.15432584846419103,0.3942478206071636,0.1782192237395542,0.009510534955020246,0.17755007807388365,0.2267502485856785,0.1678616635608091,0.00028673974596663606,0.20509018340485163,0.24736721602253656,0.21195093273498303,-0.018684456879302737,0.21599596511039626,0.19474541239675275,0.2390252933457743,-0.08813117424145443,0.2335215419689974,0.17787895788569183,0.25002896856012885,-0.14601848062212763,0.2392157803458339,0.37163753094530866,-0.4343083851828238,0.2842081551212693,-0.47503672059598234,0.2745920258443006,-0.38613541121710476,0.2293123506117796,-0.3658782226522548,0.20066493661761128,-0.36826924386558174,0.16707954062154437,-0.36132504395556087,0.13316312931559243,-0.3449614087137425,0.10472143702634222,-0.3479858237871213,0.04764700188541313,-0.3007436466679166,-0.03429795244276392,-0.2786543589568197,-0.1075913686198486,-0.2700489718466301,-0.146450412428408,-0.2598651645379309,0.338684827228598,-0.3338592219884257,0.24730956221057543,-0.2653849170218461,0.3653850627197298,-0.34571182794932476
MFCC_1_std,0.4102803418048752,0.7077041650074015,0.14859488161135603,1.0,0.24909802910243017,0.7869722121583024,0.3698390097267718,0.7563432403974973,0.21518105184500494,0.7265126355636349,0.4361614713274963,0.7114539698627085,0.17960901735029278,0.697659812473776,0.41066330978657317,0.6901204664276274,0.11707769958908905,0.6677537147453104,0.37480149250114325,0.6535387515315173,0.11195747920437937,0.6297534327025934,0.3623967317686625,0.6101439824654957,0.04588154412424333,0.5831892493973203,0.21167040145664617,0.2020284723388084,-0.192830315041592,-0.10635326209279745,-0.1554208462983364,-0.12386758181033385,-0.08148620523466955,-0.08690969507969712,0.05100739967772196,0.03517838213394875,0.10050219807972935,0.09974356484274159,0.1655621613484391,0.17239724517106522,0.2951181237843112,0.3458724579062791,0.40509885446929866,0.48762708471380506,0.5126288805430761,0.5921472253920234,0.5754283023438305,0.6336954775062497,0.556952284899795,0.6213155133261329,-0.2890222070726739,0.374809680923909,-0.08342232104305966,0.13077797844060274,-0.41939238019440084,0.47663209780301175
MFCC_2_mean,-0.20106616128473478,0.2956152786263109,-0.20576472053128192,0.24909802910243017,1.0,0.1466741970786546,0.003012527729553691,0.13460953340059842,0.4115158217962757,0.14401383811422608,0.3245725250985975,0.13275508676943273,0.3216976301991765,0.11656409655880226,0.2087447598339598,0.1370252590891873,0.20952510323015922,0.1199574500805296,0.21729210676718247,0.10006385101879356,0.24118092804674218,0.10420663616376423,0.19884206355947834,0.07926572990556192,0.23384156500769618,0.08285567468574229,0.5344133556865878,0.48544713554806945,-0.13610783262463408,0.09398961551658035,-0.5224349406258185,-0.1958781573818079,-0.6377786323180263,-0.28090413318368446,-0.6883016526184871,-0.30119246827067037,-0.7093264892646843,-0.3160257317495473,-0.6421985724987826,-0.2841836733800616,-0.4759067111574111,-0.12275422514686483,-0.2516984630631865,0.04749505189117335,-0.004113602305170317,0.2010608610860513,0.2127150933740502,0.30530044508575693,0.31275602205613834,0.34921315073927706,-0.4649932954069131,0.5394172811415465,-0.2704973967808973,0.2977275121803203,-0.5397745315850372,0.59947621382517
MFCC_2_std,0.4232838144724364,0.6357432156386355,0.15432584846419103,0.7869722121583024,0.1466741970786546,1.0,0.3744907843921639,0.8021185988888412,0.1962672403361636,0.7801995085479,0.36602304739301544,0.7669149762572047,0.15957744125654685,0.7426114435408543,0.38197208739158917,0.7299536006605667,0.08495639079621102,0.7039314789686087,0.36612345356607917,0.6881683765694273,0.09638094243428974,0.6628625699420836,0.3460670914434581,0.6492086909722599,0.01044170359244543,0.6191218227039099,0.12430931818342915,0.1362064253268406,-0.1813204300645545,-0.11527759477243482,-0.08334689420682805,-0.05493204022386414,-0.00525480293804629,0.0030922092844153704,0.1450272354832236,0.14736603148028,0.20111521520036915,0.20829606397801312,0.25498453254145115,0.2569925939782097,0.3652697041675876,0.3795284061548374,0.4287041652386828,0.43110848736401575,0.4857367797258837,0.4656959887242812,0.5276286993624041,0.5067036983712828,0.5148461519517374,0.5166411399830383,-0.10790029150596997,0.18306067228658038,0.013453689354879854,0.028062913517113233,-0.259630832094306,0.3178579727548213
MFCC_3_mean,0.5579188121824624,0.24586844374211378,0.3942478206071636,0.3698390097267718,0.003012527729553691,0.3744907843921639,1.0,0.4388794047004613,0.23817141318249854,0.399838056395633,0.5622888475778051,0.3785386800783797,0.29441637274431265,0.4186440923434039,0.5052273608386825,0.4167173046508499,0.18178516694833288,0.4150222980124353,0.41466105916116874,0.43032789485418216,0.06379288556169412,0.4137546162354681,0.4019573538368857,0.4219962845350573,-0.09815616137967052,0.41345427441044363,0.5208745689481112,-0.0920121611796655,-0.19413278133169556,-0.41608337732138806,-0.2784163698968352,-0.4677664460917164,-0.24201594910461297,-0.4665367293990358,-0.022237608877013555,-0.32995343934508115,0.17509562662387748,-0.199307501633374,0.40009433413376727,-0.04180574932330412,0.5930452548195174,0.1610189774658407,0.637355741489795,0.2752796308124204,0.5465851882750392,0.2515231849440801,0.3917696979288164,0.18698866642397702,0.275507719602637,0.13925313003434076,0.16927127870699873,-0.15158749918696937,0.2697291237644715,-0.31390923370392376,0.04421618432375685,-0.006060740267242194
MFCC_3_std,0.46569265529775555,0.5913534538953876,0.1782192237395542,0.7563432403974973,0.13460953340059842,0.8021185988888412,0.4388794047004613,1.0,0.1570062280602212,0.8486037087643631,0.40037373960388223,0.8282570419240058,0.16966951652992665,0.8288695032965662,0.3952475716993508,0.8084112105059825,0.08875398978622123,0.7802151313520489,0.3687157211030464,0.7679768031321363,0.08722401309741319,0.7395113700626514,0.3680760472556392,0.7210688204670267,-0.006693387379228837,0.6886028321188906,0.12931423124226119,0.08256329960994589,-0.16284934008232207,-0.1425553393179274,-0.0665596196118797,-0.0671679837638031,0.02431952435091722,0.006773381041665301,0.16004079016816403,0.11419828974974791,0.2076103136168705,0.14345813478367697,0.2776767627398203,0.19653258810681867,0.4101034913926377,0.34171125745261244,0.4902188862523009,0.4299830355322827,0.5433234697892789,0.47378129251315904,0.5564010664717217,0.48825682534462383,0.5310026652324354,0.48908858278038925,-0.03732012256949701,0.10682940176792717,0.12275765357574406,-0.10649892774486289,-0.2278957798602528,0.28030997861557566
MFCC_4_mean,0.02052894179631348,0.1964451215828807,0.009510534955020246,0.21518105184500494,0.4115158217962757,0.1962672403361636,0.23817141318249854,0.1570062280602212,1.0,0.1462715412173706,0.36149768187606685,0.13886268412378877,0.4325515353166954,0.1122565091842752,0.40936200920924404,0.11910203664356425,0.29441060968180227,0.10692210374482332,0.2820433848365613,0.10764537671093248,0.29278979921139464,0.098046343646404,0.29098719546843854,0.08417363403951826,0.24776112136944223,0.07242791831876834,0.5122652811664925,0.250948650912494,-0.38737976418922065,-0.1580882191524047,-0.5877441966903656,-0.3286108570499826,-0.46555782629323894,-0.2844551852066797,-0.2544959305243787,-0.15861459678364162,-0.11024742411288863,-0.0682846078808899,-0.030376596597274715,-0.010192998918457045,-0.06049674299037484,-0.0012585358726277672,-0.10021036363869545,-0.006142901246520534,-0.025212128592903824,0.073533663494765,0.1287005202623046,0.17138219148367698,0.2318908107949697,0.24131470153317527,-0.25773666308234294,0.29661990420701684,-0.1432255345302063,0.16910440802589327,-0.3277039646640048,0.3607255377767604
MFCC_4_std,0.45210717601968914,0.5836373491614484,0.17755007807388365,0.7265126355636349,0.14401383811422608,0.7801995085479,0.399838056395633,0.8486037087643631,0.1462715412173706,1.0,0.37702410549903387,0.8548186967055361,0.11293381670253716,0.8750272161277792,0.36662628822775123,0.843896936090273,0.05163259860034251,0.8251538711972832,0.35895881326093854,0.7960263961286912,0.08623493967216572,0.7800931845632428,0.3422585664213447,0.7529467946573808,0.008245550877430658,0.7234456472459726,0.09751825156269825,0.08518994299245734,-0.10747233316526315,-0.08349135779155174,-0.04002550492656483,-0.024897320166928062,0.02420105636053269,0.011110988021791638,0.1561901102575699,0.11047356823799004,0.20198305445896314,0.14351998392423465,0.2539467770944106,0.19438231049954005,0.3770359262184746,0.33117787380324953,0.46037247615355403,0.4232260216734029,0.5234961435426833,0.4679228854602295,0.5422204020577424,0.4719876814895101,0.5131824923427893,0.466078103689919,-0.025159305528844694,0.09434900300978762,0.14760635991991913,-0.13492628956343958,-0.22217463779440663,0.2753328142665316
MFCC_5_mean,0.395584978841518,0.3640605649591996,0.2267502485856785,0.4361614713274963,0.3245725250985975,0.36602304739301544,0.5622888475778051,0.40037373960388223,0.36149768187606685,0.37702410549903387,1.0,0.3479886450689223,0.48714151567922176,0.38533739812903295,0.6174230422302298,0.39568993540770064,0.41617302466563855,0.3745134998047793,0.560424795370233,0.386906420559334,0.2900783434582565,0.3852493404764846,0.5012716718781358,0.3880296163186532,0.1624623520725531,0.3695417176581256,0.5523574659792019,0.15014703772729304,-0.4440086407097023,-0.3877544697562438,-0.4298294843843203,-0.48060985436215076,-0.19467989906266395,-0.36509771560198057,0.05504645009677504,-0.18701094645475114,0.0696767080062791,-0.13392371224815483,0.060984212104699786,-0.11382341048042863,0.21708030939733788,0.06909621761528864,0.41061017610489564,0.27961446543524854,0.5333326018283864,0.3731627079829244,0.5115740896094131,0.3512880038857567,0.4226561008639403,0.29622128864479563,-0.045433061098827804,0.08114109928642653,0.1045707188220853,-0.14523725286863684,-0.21029040259371307,0.25827668728402736
MFCC_5_std,0.44666547718077093,0.5719194515806401,0.1678616635608091,0.7114539698627085,0.13275508676943273,0.7669149762572047,0.3785386800783797,0.8282570419240058,0.13886268412378877,0.8548186967055361,0.3479886450689223,1.0,0.11339783027987807,0.8830788807303936,0.35806750051211805,0.8716444528842624,0.02291947933991884,0.851438123037367,0.3651525357354038,0.825184546764486,0.06815309107759909,0.7991664836270128,0.33998602925005633,0.7777615133362873,-0.00020180630061269518,0.7532779256642484,0.0763885373187913,0.08489085261054169,-0.10439089852196258,-0.09259804447624526,-0.028971757412033724,-0.0330601084403141,0.040670461649547685,0.014778852803294988,0.17528177021496896,0.1333513729565354,0.2177080624660896,0.16560708183180406,0.2658133275188217,0.21810930389410874,0.390935962120068,0.35628042006251187,0.4598090770707678,0.41159938199491153,0.5217821783208716,0.4657628075923787,0.5501289097958156,0.48466997997472083,0.5256341117163105,0.474534465746341,-0.010839892652464236,0.08051148757188796,0.16067586582791793,-0.14878936737864293,-0.21817520615972433,0.2719004631882145
MFCC_6_mean,0.06566679364412377,0.20006935016090907,0.00028673974596663606,0.17960901735029278,0.3216976301991765,0.15957744125654685,0.29441637274431265,0.16966951652992665,0.4325515353166954,0.11293381670253716,0.48714151567922176,0.11339783027987807,1.0,0.10094899556650722,0.4497867934051059,0.09528270165986465,0.4975776637791339,0.08972916371702874,0.4386484353178761,0.08733608653944776,0.3772923085921799,0.07954213944090169,0.37944986188485913,0.08224001663329783,0.3258361528794108,0.06749356033818006,0.446599573135613,0.24127051658682247,-0.5168221034021339,-0.22974671417283765,-0.418657415447686,-0.2805701796988574,-0.177244163680742,-0.1496458430691786,-0.13030940210943878,-0.09942147288042207,-0.21486690042248258,-0.151267797854145,-0.13964344849440744,-0.105164356259073,0.06427105028887448,0.09375949843125443,0.17193852617746802,0.20218426243094464,0.13144298782322347,0.16207755394486426,0.13234589441817401,0.14974313816285156,0.19528495769165458,0.19404219068835887,-0.2177850846232521,0.2478069457687377,-0.13019253798571145,0.14115204031987091,-0.28720461198135516,0.31745597244070495
MFCC_6_std,0.4916983306467203,0.5586194459307922,0.20509018340485163,0.697659812473776,0.11656409655880226,0.7426114435408543,0.4186440923434039,0.8288695032965662,0.1122565091842752,0.8750272161277792,0.38533739812903295,0.8830788807303936,0.10094899556650722,1.0,0.36922224206610516,0.9048530578967703,0.038070286306977195,0.8794019963336452,0.37560016616231257,0.8619580711540964,0.052456386529637584,0.8379041863082219,0.3556606960454426,0.8165627138538056,-0.02107771210174983,0.7949957009056207,0.08126338139117219,0.047098016548585905,-0.09833004621494547,-0.11149889229998888,-0.006562309167770826,-0.045869352519726875,0.06958731038368929,0.009291684619119266,0.20119089889860187,0.11151426081329312,0.24962147400072843,0.15755574371321798,0.2921463230355649,0.20330753368047627,0.41231831769521066,0.318828381164624,0.49378845261955584,0.39868314488197576,0.5502154352913586,0.44228487413399414,0.5670136199699894,0.4625582561625591,0.5337991880929477,0.45186745267970885,0.038595995766561746,0.023514959907034765,0.204763768163399,-0.2073555220483483,-0.17269460498794434,0.22485915921668798
MFCC_7_mean,0.4346489051884031,0.30122627774618094,0.24736721602253656,0.41066330978657317,0.2087447598339598,0.38197208739158917,0.5052273608386825,0.3952475716993508,0.40936200920924404,0.36662628822775123,0.6174230422302298,0.35806750051211805,0.4497867934051059,0.36922224206610516,1.0,0.37509674602279097,0.4606483431561287,0.3667720031450812,0.6061622022079719,0.3579514809745991,0.3875068936835897,0.3551452035226174,0.5510706436443933,0.36226054031838467,0.22247831843162214,0.3410696241613107,0.3908945286943901,0.052955893298433386,-0.4396367569880098,-0.4017593966612377,-0.16163454832738744,-0.32898762446954405,-0.002193254264430503,-0.22077157728553604,0.017470742416961775,-0.18392409576775867,0.09504226147882183,-0.12621037354972975,0.2746679746217786,0.015749044201176614,0.3633102897612742,0.13664981543258567,0.34988143963305135,0.18499558059165072,0.43942729162113003,0.28892772945188394,0.4972831992358408,0.3375829485381835,0.43101237232562983,0.30235785837502555,0.012069686829088848,0.006671912524307391,0.1268926790361774,-0.1621189660814708,-0.14411219358696817,0.16558659817989654
MFCC_7_std,0.49529116933357664,0.5665205705695342,0.21195093273498303,0.6901204664276274,0.1370252590891873,0.7299536006605667,0.4167173046508499,0.8084112105059825,0.11910203664356425,0.843896936090273,0.39568993540770064,0.8716444528842624,0.09528270165986465,0.9048530578967703,0.37509674602279097,1.0,0.04012649179711922,0.9059896537902856,0.3799071026528848,0.8859959357410238,0.041769711620106,0.8647370718835855,0.37483786368068545,0.8474771075359031,-0.024515623058224505,0.8260933657534437,0.0963365867799392,0.05529565105562576,-0.07684510053755712,-0.12793891935023227,-0.007508194641158093,-0.08533180890290458,0.06364831681650064,-0.027670312051782577,0.1945626204946289,0.07635140160844492,0.24337314982449026,0.12456413344123336,0.2889077890736269,0.1767351080830335,0.41062646262777336,0.3086686484300906,0.4987260302895218,0.40075147651348975,0.563390771246281,0.44671578300660164,0.5856784478113327,0.46948173868967213,0.5537917095698319,0.4613458755845922,0.059013363786406516,0.003092156491510726,0.2163905010439971,-0.2261974088806119,-0.15399400163594748,0.21054195322773062
MFCC_8_mean,0.05695571084338096,0.14136185527643094,-0.018684456879302737,0.11707769958908905,0.20952510323015922,0.08495639079621102,0.18178516694833288,0.08875398978622123,0.29441060968180227,0.05163259860034251,0.41617302466563855,0.02291947933991884,0.4975776637791339,0.038070286306977195,0.4606483431561287,0.04012649179711922,1.0,0.022688786039195684,0.42589492493874687,0.02121030867704573,0.48532155538509014,0.008637449201208113,0.440142732274601,0.015991315280577432,0.3621946451294439,0.0014360111141515201,0.24422511341807032,0.19864082610550524,-0.4705047692805081,-0.20454408043768954,-0.13797750686213703,-0.12476390418239369,-0.10819961207714013,-0.11661417685280552,-0.14923181663023638,-0.1270910520960707,-0.02136868701543242,-0.03617990400615482,0.02459564148060527,0.006180012407705596,-0.0009655573660444839,0.005572638737750845,0.11617760875864301,0.12534111029048778,0.2037216965551578,0.1834099010333988,0.14423743851561924,0.13082855954301523,0.1598555429357863,0.13012571782515117,-0.14419402746837612,0.14367715633958328,-0.0879455300482027,0.07221694646619721,-0.21987634326071487,0.22531345680682704
MFCC_8_std,0.4865406189330783,0.5507321778124996,0.21599596511039626,0.6677537147453104,0.1199574500805296,0.7039314789686087,0.4150222980124353,0.7802151313520489,0.10692210374482332,0.8251538711972832,0.3745134998047793,0.851438123037367,0.08972916371702874,0.8794019963336452,0.3667720031450812,0.9059896537902856,0.022688786039195684,1.0,0.3846041522175268,0.9072095687865088,0.03834231423044298,0.8807359433359241,0.3541244547457602,0.8686967227574436,-0.024383391296337247,0.849267183758041,0.07980265773197089,0.0438906800832741,-0.060683449866723735,-0.11249710117471817,0.013429068735997324,-0.06489028795216764,0.07578468057808184,-0.018332782912511204,0.2052350909936219,0.09413398733145945,0.25042589014622557,0.13100959440942192,0.28987078021224255,0.17765504253506298,0.41607172176679824,0.31069083049790247,0.4944729412839895,0.38443734881820035,0.5461216280338274,0.42717517808968114,0.5636220600406473,0.4463678042502277,0.5331800346481593,0.4437675444668195,0.06969786119547608,-0.008633599127638416,0.23014706939087867,-0.24045737405739323,-0.14139717181894262,0.19565023944448326
MFCC_9_mean,0.36015290558490615,0.2944997184004013,0.19474541239675275,0.37480149250114325,0.21729210676718247,0.36612345356607917,0.41466105916116874,0.3687157211030464,0.2820433848365613,0.35895881326093854,0.560424795370233,0.3651525357354038,0.4386484353178761,0.37560016616231257,0.6061622022079719,0.3799071026528848,0.42589492493874687,0.3846041522175268,1.0,0.38561751326149535,0.46098318892517454,0.36647237799224675,0.5908568051287373,0.37680698901687365,0.3021082179018107,0.3653218122104119,0.268645966497138,0.059177878404917575,-0.29395403290169214,-0.274605387881244,-0.03413116969506452,-0.2035983253164336,-0.07622339921198547,-0.22669250361519414,0.10109469675635235,-0.09198566231805662,0.16565205030019822,-0.029248898759499493,0.11652479012103427,-0.05166691847270757,0.3125783372207941,0.15296677165706818,0.40670906316555855,0.26583455823168295,0.40020164854376955,0.26291759893668937,0.4577690682399467,0.29713677726161664,0.43248929206309594,0.2926404787194329,0.0041688923455555586,0.018001922700224837,0.11571852990566155,-0.1457209602365803,-0.15536159293601057,0.1773904309729015
MFCC_9_std,0.5019305232689046,0.520384073944165,0.2390252933457743,0.6535387515315173,0.10006385101879356,0.6881683765694273,0.43032789485418216,0.7679768031321363,0.10764537671093248,0.7960263961286912,0.386906420559334,0.825184546764486,0.08733608653944776,0.8619580711540964,0.3579514809745991,0.8859959357410238,0.02121030867704573,0.9072095687865088,0.38561751326149535,1.0,0.0145200306099598,0.9058269462401264,0.35271925304826296,0.8909011044476499,-0.05532449797439116,0.873940660888185,0.09004205681111938,0.009501153467160621,-0.06360730297263892,-0.1617101498070201,0.0338844783075946,-0.07119125780449483,0.09372150345353673,-0.032721151221107324,0.22768627792919813,0.07350099962930459,0.2758242160948494,0.11669269441661144,0.30533770937062227,0.1551100942384753,0.4266381764555172,0.2751878833927441,0.5096320427729129,0.36719349439485405,0.5527996976213113,0.4036881471884545,0.5659671887795227,0.4258458995263846,0.5348159803953283,0.4241734649003205,0.10550934889677517,-0.04831266488002844,0.24801423895244126,-0.26465151102674367,-0.09852770187479322,0.1532862545583139
MFCC_10_mean,-0.030309145584107664,0.15046276952767346,-0.08813117424145443,0.11195747920437937,0.24118092804674218,0.09638094243428974,0.06379288556169412,0.08722401309741319,0.29278979921139464,0.08623493967216572,0.2900783434582565,0.06815309107759909,0.3772923085921799,0.052456386529637584,0.3875068936835897,0.041769711620106,0.48532155538509014,0.03834231423044298,0.46098318892517454,0.0145200306099598,1.0,0.015694129712596455,0.49224473621942555,0.008635017766966605,0.5041713603316276,-0.0003542688362668796,0.10261823535137879,0.20087454800702936,-0.24860629385402538,-0.015138696632978697,-0.10572694493007774,-0.03635691880924338,-0.18641352415286233,-0.08435665621929625,-0.02901082865531632,0.036494088794667735,-0.0913597656034871,-0.002385652601411989,-0.057866333807384325,0.017818248924895093,0.017598183881956095,0.10615927570500515,-0.004316697683970261,0.08612506684978263,0.11396558799608765,0.17122275328802086,0.14524061540733424,0.1684789056836092,0.14920111737409872,0.15638259350752648,-0.18035237818524916,0.1921345262006204,-0.11948051186370978,0.12074774938682747,-0.26009061534929656,0.26690738240006123
MFCC_10_std,0.49454350787347395,0.5088079936676954,0.2335215419689974,0.6297534327025934,0.10420663616376423,0.6628625699420836,0.4137546162354681,0.7395113700626514,0.098046343646404,0.7800931845632428,0.3852493404764846,0.7991664836270128,0.07954213944090169,0.8379041863082219,0.3551452035226174,0.8647370718835855,0.008637449201208113,0.8807359433359241,0.36647237799224675,0.9058269462401264,0.015694129712596455,1.0,0.35362823211574157,0.9160129696285735,-0.04651546732023771,0.8849943442634439,0.07391017774768648,0.0030904842882255694,-0.04495984765824457,-0.14594887841624862,0.04194281937037911,-0.0723209279477595,0.10855031931088178,-0.021033425356532017,0.23673303488836137,0.08277076200508413,0.26641224469097674,0.10425231796269648,0.2938189928046192,0.14201309009721957,0.4116450891020563,0.2600271275275695,0.4920760875893045,0.34701782484300125,0.5416012887213513,0.3854066352027774,0.5575242676525334,0.4075848467699446,0.5250821423439763,0.4053234176519936,0.12574037274953018,-0.06819593313447553,0.26564220773323166,-0.2841497276894687,-0.08152324631552897,0.13663782650809084
MFCC_11_mean,0.34941150819527134,0.2704749895412803,0.17787895788569183,0.3623967317686625,0.19884206355947834,0.3460670914434581,0.4019573538368857,0.3680760472556392,0.29098719546843854,0.3422585664213447,0.5012716718781358,0.33998602925005633,0.37944986188485913,0.3556606960454426,0.5510706436443933,0.37483786368068545,0.440142732274601,0.3541244547457602,0.5908568051287373,0.35271925304826296,0.49224473621942555,0.35362823211574157,1.0,0.3573532676967821,0.399546632957112,0.34338347542922815,0.20612124414906677,0.04111987001937583,-0.17502411952413438,-0.2150537464865101,-0.07665244026781436,-0.20747961542001697,-0.05567892314283264,-0.194166144602034,0.11597932096349281,-0.06429883584892165,0.09891504691163917,-0.06725667642561163,0.23119939497891057,0.03435844853952333,0.2784010282441777,0.11289735394797136,0.374522357630099,0.2370997765769375,0.4175701422643404,0.2853450012474562,0.41172190628404637,0.29242206516129515,0.40662342949663866,0.3019349034067814,0.012812273166661548,0.008458186447792589,0.12207720280055921,-0.1500391653089234,-0.15968103045822243,0.18091493825934266
MFCC_11_std,0.50795545488273,0.4906535432119426,0.25002896856012885,0.6101439824654957,0.07926572990556192,0.6492086909722599,0.4219962845350573,0.7210688204670267,0.08417363403951826,0.7529467946573808,0.3880296163186532,0.7777615133362873,0.08224001663329783,0.8165627138538056,0.36226054031838467,0.8474771075359031,0.015991315280577432,0.8686967227574436,0.37680698901687365,0.8909011044476499,0.008635017766966605,0.9160129696285735,0.3573532676967821,1.0,-0.050236599040565884,0.9184406700305688,0.07209573609994682,-0.021737768084748664,-0.039981071544568245,-0.17619005143868782,0.06740339978308958,-0.08774854104635768,0.13607974139934398,-0.0284443377763828,0.25613872904441476,0.06697593615694505,0.28814858482961275,0.097589129174361,0.3147993525181327,0.13997641032019167,0.4272232773748633,0.25191957411870775,0.5051317565867197,0.33763643883059874,0.5446414249572125,0.3647164713774138,0.5478967100770671,0.3799641244607474,0.511963112277953,0.37697570892592347,0.15449918813382194,-0.1008490273847915,0.27101535092310797,-0.2958736651932419,-0.03793995293373341,0.09426755184239378
MFCC_12_mean,-0.1452905822190054,0.09198687810788256,-0.14601848062212763,0.04588154412424333,0.23384156500769618,0.01044170359244543,-0.09815616137967052,-0.006693387379228837,0.24776112136944223,0.008245550877430658,0.1624623520725531,-0.00020180630061269518,0.3258361528794108,-0.02107771210174983,0.22247831843162214,-0.024515623058224505,0.3621946451294439,-0.024383391296337247,0.3021082179018107,-0.05532449797439116,0.5041713603316276,-0.04651546732023771,0.399546632957112,-0.050236599040565884,1.0,-0.04495727696353911,-0.0017696363782262155,0.2064600066521233,-0.06329967720258496,0.12806608396024333,-0.17581102046262512,-0.022636343239569073,-0.07885903384671342,0.035863900605210566,-0.09883338222450923,0.052168005892320124,-0.1009179608378643,0.06094189574939688,-0.13073853099392013,0.05200460121557763,-0.14201763947230403,0.0525900408670209,-0.0927987647712564,0.06813872686975012,-0.05434306825048149,0.08151021400023424,0.03523239142358137,0.11176883291400254,0.0609104556224665,0.11156753150810358,-0.2014585347167863,0.21222021931117663,-0.14959301407255915,0.16279482180892854,-0.27507968741753475,0.27463960226075124
MFCC_12_std,0.4990813626847584,0.4848213553365731,0.2392157803458339,0.5831892493973203,0.08285567468574229,0.6191218227039099,0.41345427441044363,0.6886028321188906,0.07242791831876834,0.7234456472459726,0.3695417176581256,0.7532779256642484,0.06749356033818006,0.7949957009056207,0.3410696241613107,0.8260933657534437,0.0014360111141515201,0.849267183758041,0.3653218122104119,0.873940660888185,-0.0003542688362668796,0.8849943442634439,0.34338347542922815,0.9184406700305688,-0.04495727696353911,1.0,0.059614931563766356,-0.025436627229598687,-0.01400692447679533,-0.1550882344755799,0.07173077249580967,-0.07422837026033778,0.13311761044809858,-0.024674456603440358,0.24814736280512042,0.06077867992822142,0.27820770396221084,0.08571604665803538,0.30439882794296363,0.1250869610583372,0.42143955041468684,0.2394779831213068,0.49637895799883863,0.31954231142519984,0.5337603421264442,0.3477944601608054,0.5384713511760617,0.3609738348215968,0.5069633865136085,0.3637240210996298,0.16953908963522435,-0.1166011237908435,0.28394993536498764,-0.31136249092493146,-0.02533570078566321,0.08299023341719344
Chroma_0_mean,0.17273601759136398,0.12366820418505975,0.37163753094530866,0.21167040145664617,0.5344133556865878,0.12430931818342915,0.5208745689481112,0.12931423124226119,0.5122652811664925,0.09751825156269825,0.5523574659792019,0.0763885373187913,0.446599573135613,0.08126338139117219,0.3908945286943901,0.0963365867799392,0.24422511341807032,0.07980265773197089,0.268645966497138,0.09004205681111938,0.10261823535137879,0.07391017774768648,0.20612124414906677,0.07209573609994682,-0.0017696363782262155,0.059614931563766356,1.0,0.22815293710964668,-0.23240507563633742,-0.4544053650263729,-0.5981572751856858,-0.708949684936572,-0.6013432825739375,-0.7188426773496548,-0.5092566221773995,-0.652222608062663,-0.4335732683613036,-0.5744654946108435,-0.31005987418079967,-0.46779580748222876,-0.16198113799695882,-0.28273392790781715,-0.0421728813719896,-0.09466594348019794,0.022531180183922087,0.008513773991777851,0.06140777728735817,0.05191307087135885,0.07644285330566764,0.07465196507981758,-0.2307176336287973,0.2848384036330652,-0.12014742399897282,0.1310594975817041,-0.24391916660856075,0.30555773633320576
Chroma_0_std,-0.36493940159973676,0.39004814808302013,-0.4343083851828238,0.2020284723388084,0.48544713554806945,0.1362064253268406,-0.0920121611796655,0.08256329960994589,0.250948650912494,0.08518994299245734,0.15014703772729304,0.08489085261054169,0.24127051658682247,0.047098016548585905,0.052955893298433386,0.05529565105562576,0.19864082610550524,0.0438906800832741,0.059177878404917575,0.009501153467160621,0.20087454800702936,0.0030904842882255694,0.04111987001937583,-0.021737768084748664,0.2064600066521233,-0.025436627229598687,0.22815293710964668,1.0,-0.3338995751785726,0.3279339490274712,-0.5383743989063224,-0.025586330502961854,-0.5356440016650342,-0.09363994699001192,-0.4902308653355577,-0.06408991455921756,-0.46261049143132316,-0.04363440447375616,-0.4037890297351379,-0.016292449065613862,-0.3076479813155172,0.11812318115752238,-0.18739907072424636,0.21171331647668443,-0.06868704258068868,0.27054388111337263,0.027642569323053603,0.28050366637454366,0.07331770709695228,0.2790698976312876,-0.5292840262459418,0.5939591779745405,-0.3565471908586029,0.4135611446771612,-0.5953380452971276,0.6336877371299603
Chroma_1_mean,0.030340927090134376,-0.26951605996206546,0.2842081551212693,-0.192830315041592,-0.13610783262463408,-0.1813204300645545,-0.19413278133169556,-0.16284934008232207,-0.38737976418922065,-0.10747233316526315,-0.4440086407097023,-0.10439089852196258,-0.5168221034021339,-0.09833004621494547,-0.4396367569880098,-0.07684510053755712,-0.4705047692805081,-0.060683449866723735,-0.29395403290169214,-0.06360730297263892,-0.24860629385402538,-0.04495984765824457,-0.17502411952413438,-0.039981071544568245,-0.06329967720258496,-0.01400692447679533,-0.23240507563633742,-0.3338995751785726,1.0,0.3560017693305854,0.4791645176263673,0.14000776606342727,0.17703063946535036,-0.027462934769452035,0.016575901988383594,-0.14728259512360029,-0.0708533593762529,-0.21982375561392853,-0.1341605789404492,-0.26097282012658723,-0.16750734160291014,-0.29211805476631236,-0.21548701960947697,-0.32694190358814246,-0.25456113585679807,-0.33249164866766334,-0.25766188613541874,-0.3025475035791158,-0.2479505457241489,-0.2802249732928635,0.2884468815364913,-0.2783098532364071,0.15357269714257288,-0.14006445476760396,0.3604425620568416,-0.3612288822173705
Chroma_1_std,-0.441876042665906,0.05996112728240501,-0.47503672059598234,-0.10635326209279745,0.09398961551658035,-0.11527759477243482,-0.41608337732138806,-0.1425553393179274,-0.1580882191524047,-0.08349135779155174,-0.3877544697562438,-0.09259804447624526,-0.22974671417283765,-0.11149889229998888,-0.4017593966612377,-0.12793891935023227,-0.20454408043768954,-0.11249710117471817,-0.274605387881244,-0.1617101498070201,-0.015138696632978697,-0.14594887841624862,-0.2150537464865101,-0.17619005143868782,0.12806608396024333,-0.1550882344755799,-0.4544053650263729,0.3279339490274712,0.3560017693305854,1.0,0.009070147485957301,0.5971513725538505,-0.14327954054969919,0.393335853379656,-0.21653047495039007,0.30128084103023894,-0.27048570084545465,0.20743572630163506,-0.30506723410054487,0.12304984495860889,-0.3121100731843197,0.10431371837163249,-0.31357219601789754,0.01318198344025543,-0.2906365605369361,-0.025502820502643592,-0.23768107500880364,-0.01891185486510811,-0.2006535497510466,-0.0212617446430279,-0.22981020662452167,0.2621505650537244,-0.20737186416268183,0.2726353814226065,-0.2109342184887806,0.2197173158480269
Chroma_2_mean,0.1952597569947176,-0.22439684154025885,0.2745920258443006,-0.1554208462983364,-0.5224349406258185,-0.08334689420682805,-0.2784163698968352,-0.0665596196118797,-0.5877441966903656,-0.04002550492656483,-0.4298294843843203,-0.028971757412033724,-0.418657415447686,-0.006562309167770826,-0.16163454832738744,-0.007508194641158093,-0.13797750686213703,0.013429068735997324,-0.03413116969506452,0.0338844783075946,-0.10572694493007774,0.04194281937037911,-0.07665244026781436,0.06740339978308958,-0.17581102046262512,0.07173077249580967,-0.5981572751856858,-0.5383743989063224,0.4791645176263673,0.009070147485957301,1.0,0.47743516880939435,0.7510399265340593,0.35503238313327884,0.5066761909898327,0.18801070796003044,0.3840190869367277,0.09309386195257499,0.2603570576466139,0.01719697881604864,0.1591649232934454,-0.09717156255066303,0.05369237864674826,-0.17304072456831648,-0.027386363904943336,-0.2200928564891723,-0.08629473419589136,-0.22845151996483898,-0.11260242902646318,-0.22740890794946897,0.47763761179967795,-0.5180303640579752,0.31367250881723224,-0.3390012793460037,0.49934187806668673,-0.5423743916199063
Chroma_2_std,-0.3080093645072923,0.021019832638666417,-0.38613541121710476,-0.12386758181033385,-0.1958781573818079,-0.05493204022386414,-0.4677664460917164,-0.0671679837638031,-0.3286108570499826,-0.024897320166928062,-0.48060985436215076,-0.0330601084403141,-0.2805701796988574,-0.045869352519726875,-0.32898762446954405,-0.08533180890290458,-0.12476390418239369,-0.06489028795216764,-0.2035983253164336,-0.07119125780449483,-0.03635691880924338,-0.0723209279477595,-0.20747961542001697,-0.08774854104635768,-0.022636343239569073,-0.07422837026033778,-0.708949684936572,-0.025586330502961854,0.14000776606342727,0.5971513725538505,0.47743516880939435,1.0,0.2822249436216497,0.740216195524362,0.12422824701430674,0.5660567708489793,0.03914160457001301,0.432809200200771,-0.04163761541896476,0.30794468753764603,-0.11247811463534992,0.18897510215403773,-0.1707125735112484,0.04859352970085649,-0.1972258294422678,-0.030986532678743704,-0.18331756589225812,-0.0416267992887963,-0.1613508287929356,-0.04076128840977183,-0.02046612568464892,0.02356696281843126,-0.046867320965476536,0.09676191427229312,-0.012399015375859723,0.0011687117126132577
Chroma_3_mean,0.2720767107073047,-0.1400863215113064,0.2293123506117796,-0.08148620523466955,-0.6377786323180263,-0.00525480293804629,-0.24201594910461297,0.02431952435091722,-0.46555782629323894,0.02420105636053269,-0.19467989906266395,0.040670461649547685,-0.177244163680742,0.06958731038368929,-0.002193254264430503,0.06364831681650064,-0.10819961207714013,0.07578468057808184,-0.07622339921198547,0.09372150345353673,-0.18641352415286233,0.10855031931088178,-0.05567892314283264,0.13607974139934398,-0.07885903384671342,0.13311761044809858,-0.6013432825739375,-0.5356440016650342,0.17703063946535036,-0.14327954054969919,0.7510399265340593,0.2822249436216497,1.0,0.5377566643636562,0.7716712262528734,0.3827323991501168,0.6016650702293995,0.2623256292871371,0.4448107057626463,0.1788091794301731,0.31654548630248786,0.044833699471727675,0.20067610545424852,-0.04558987140369424,0.11242685054786357,-0.1036911045643909,0.038153166815098505,-0.12839573089201176,-0.0012503573192724701,-0.13785455096807736,0.4820059762336124,-0.5356241582151974,0.3445071065793642,-0.38965567995780565,0.46385040016632567,-0.5096810731233499
Chroma_3_std,-0.2330571694355985,0.056811999019190686,-0.3658782226522548,-0.08690969507969712,-0.28090413318368446,0.0030922092844153704,-0.4665367293990358,0.006773381041665301,-0.2844551852066797,0.011110988021791638,-0.36509771560198057,0.014778852803294988,-0.1496458430691786,0.009291684619119266,-0.22077157728553604,-0.027670312051782577,-0.11661417685280552,-0.018332782912511204,-0.22669250361519414,-0.032721151221107324,-0.08435665621929625,-0.021033425356532017,-0.194166144602034,-0.0284443377763828,0.035863900605210566,-0.024674456603440358,-0.7188426773496548,-0.09363994699001192,-0.027462934769452035,0.393335853379656,0.35503238313327884,0.740216195524362,0.5377566643636562,1.0,0.3384917987484241,0.7577801866494884,0.2030210862936512,0.5663168554660563,0.09549369333155057,0.4317955393553521,-0.00878119072557626,0.28652982329328,-0.0867306324198254,0.12514174205385517,-0.11495279605360302,0.042182222878879,-0.10709125766840978,0.019411585835084837,-0.09253934323963621,0.01231264573219672,0.015387513814116386,-0.020439778524572547,-0.010603800417966018,0.04443997361369216,0.002532350547294034,-0.015488223355104547
Chroma_4_mean,0.3731741201362694,-0.010496040350056173,0.20066493661761128,0.05100739967772196,-0.6883016526184871,0.1450272354832236,-0.022237608877013555,0.16004079016816403,-0.2544959305243787,0.1561901102575699,0.05504645009677504,0.17528177021496896,-0.13030940210943878,0.20119089889860187,0.017470742416961775,0.1945626204946289,-0.14923181663023638,0.2052350909936219,0.10109469675635235,0.22768627792919813,-0.02901082865531632,0.23673303488836137,0.11597932096349281,0.25613872904441476,-0.09883338222450923,0.24814736280512042,-0.5092566221773995,-0.4902308653355577,0.016575901988383594,-0.21653047495039007,0.5066761909898327,0.12422824701430674,0.7716712262528734,0.3384917987484241,1.0,0.5440237675406262,0.8471768209237382,0.44640793599929635,0.6555120609943791,0.331308057076118,0.5540208256094324,0.23237506490639345,0.4342276917405447,0.13872934853922836,0.32076100854198486,0.056214711842835545,0.2175071210219822,0.0058841541433058775,0.1515728994594688,-0.018327633098411057,0.4706888907712492,-0.5193399351810281,0.37169223784879035,-0.4271614506581808,0.41012203223767707,-0.4432267573472667
Chroma_4_std,-0.1587553103178965,0.18342171509725685,-0.36826924386558174,0.03517838213394875,-0.30119246827067037,0.14736603148028,-0.32995343934508115,0.11419828974974791,-0.15861459678364162,0.11047356823799004,-0.18701094645475114,0.1333513729565354,-0.09942147288042207,0.11151426081329312,-0.18392409576775867,0.07635140160844492,-0.1270910520960707,0.09413398733145945,-0.09198566231805662,0.07350099962930459,0.036494088794667735,0.08277076200508413,-0.06429883584892165,0.06697593615694505,0.052168005892320124,0.06077867992822142,-0.652222608062663,-0.06408991455921756,-0.14728259512360029,0.30128084103023894,0.18801070796003044,0.5660567708489793,0.3827323991501168,0.7577801866494884,0.5440237675406262,1.0,0.39457106822361343,0.7988631498338666,0.24886759563780073,0.624890502210273,0.15539035407961765,0.48334513708034366,0.07475933961803961,0.3010619276580088,0.036146169798020406,0.19438672640060303,0.03111623962204548,0.1490626640640066,0.027657524125114533,0.12562751316281576,-0.005207209788716266,0.00793461410578275,-0.005279964910525746,0.037021231718018285,-0.04993887781514421,0.04911645955910208
Chroma_5_mean,0.4216595912151484,0.03663093783245142,0.16707954062154437,0.10050219807972935,-0.7093264892646843,0.20111521520036915,0.17509562662387748,0.2076103136168705,-0.11024742411288863,0.20198305445896314,0.0696767080062791,0.2177080624660896,-0.21486690042248258,0.24962147400072843,0.09504226147882183,0.24337314982449026,-0.02136868701543242,0.25042589014622557,0.16565205030019822,0.2758242160948494,-0.0913597656034871,0.26641224469097674,0.09891504691163917,0.28814858482961275,-0.1009179608378643,0.27820770396221084,-0.4335732683613036,-0.46261049143132316,-0.0708533593762529,-0.27048570084545465,0.3840190869367277,0.03914160457001301,0.6016650702293995,0.2030210862936512,0.8471768209237382,0.39457106822361343,1.0,0.5568240165925218,0.8571281135171936,0.48082456446576927,0.7110107177745543,0.33596379589210823,0.5668030361044927,0.22524929180684095,0.43491137653000433,0.12830368390965452,0.3068281249319932,0.06480248440855704,0.22499677101557766,0.032218548998775236,0.46614348207813194,-0.5238528387178014,0.3997434483744777,-0.4711541380345043,0.3832034768114784,-0.42107169450673027
Chroma_5_std,-0.10717432756535479,0.2472245378109729,-0.36132504395556087,0.09974356484274159,-0.3160257317495473,0.20829606397801312,-0.199307501633374,0.14345813478367697,-0.0682846078808899,0.14351998392423465,-0.13392371224815483,0.16560708183180406,-0.151267797854145,0.15755574371321798,-0.12621037354972975,0.12456413344123336,-0.03617990400615482,0.13100959440942192,-0.029248898759499493,0.11669269441661144,-0.002385652601411989,0.10425231796269648,-0.06725667642561163,0.097589129174361,0.06094189574939688,0.08571604665803538,-0.5744654946108435,-0.04363440447375616,-0.21982375561392853,0.20743572630163506,0.09309386195257499,0.432809200200771,0.2623256292871371,0.5663168554660563,0.44640793599929635,0.7988631498338666,0.5568240165925218,1.0,0.40853073097953235,0.8240749362013936,0.27278232198044733,0.6151988041855615,0.1841791542637115,0.4149121421168418,0.13929043465751392,0.2789973796814301,0.11776071259453215,0.21516976885556327,0.09858498532735233,0.17766719338385353,-0.006648050037410684,0.007423009891733272,0.02150020328839739,-0.00017179990033774963,-0.0744780471903952,0.07457581844605525
Chroma_6_mean,0.46846368965802765,0.08950376920187554,0.13316312931559243,0.1655621613484391,-0.6421985724987826,0.25498453254145115,0.40009433413376727,0.2776767627398203,-0.030376596597274715,0.2539467770944106,0.060984212104699786,0.2658133275188217,-0.13964344849440744,0.2921463230355649,0.2746679746217786,0.2889077890736269,0.02459564148060527,0.28987078021224255,0.11652479012103427,0.30533770937062227,-0.057866333807384325,0.2938189928046192,0.23119939497891057,0.3147993525181327,-0.13073853099392013,0.30439882794296363,-0.31005987418079967,-0.4037890297351379,-0.1341605789404492,-0.30506723410054487,0.2603570576466139,-0.04163761541896476,0.4448107057626463,0.09549369333155057,0.6555120609943791,0.24886759563780073,0.8571281135171936,0.40853073097953235,1.0,0.5631983308720568,0.8711664296816346,0.43512200774224297,0.6943611550771334,0.3070779220699594,0.5519266012006736,0.22038074292149837,0.3926453671880293,0.14700488102353443,0.29183442511764607,0.10263271039893347,0.4324582102552771,-0.48522295575591484,0.3948889052204403,-0.4700698951182741,0.3385028389325184,-0.3701042547090061
Chroma_6_std,-0.05184533173692749,0.3056314412259707,-0.3449614087137425,0.17239724517106522,-0.2841836733800616,0.2569925939782097,-0.04180574932330412,0.19653258810681867,-0.010192998918457045,0.19438231049954005,-0.11382341048042863,0.21810930389410874,-0.105164356259073,0.20330753368047627,0.015749044201176614,0.1767351080830335,0.006180012407705596,0.17765504253506298,-0.05166691847270757,0.1551100942384753,0.017818248924895093,0.14201309009721957,0.03435844853952333,0.13997641032019167,0.05200460121557763,0.1250869610583372,-0.46779580748222876,-0.016292449065613862,-0.26097282012658723,0.12304984495860889,0.01719697881604864,0.30794468753764603,0.1788091794301731,0.4317955393553521,0.331308057076118,0.624890502210273,0.48082456446576927,0.8240749362013936,0.5631983308720568,1.0,0.41110341530947736,0.772860583734023,0.29234758717820775,0.526178173044858,0.2479703742793284,0.39418940257900065,0.20774600462313947,0.3139729874361465,0.1709815799116446,0.25953576502302345,-0.009493103187028014,0.01812449613612397,0.04590203254827842,-0.029831669471155804,-0.09784399572864501,0.10794316238908742
Chroma_7_mean,0.5305786861533589,0.22691943173695786,0.10472143702634222,0.2951181237843112,-0.4759067111574111,0.3652697041675876,0.5930452548195174,0.4101034913926377,-0.06049674299037484,0.3770359262184746,0.21708030939733788,0.390935962120068,0.06427105028887448,0.41231831769521066,0.3633102897612742,0.41062646262777336,-0.0009655573660444839,0.41607172176679824,0.3125783372207941,0.4266381764555172,0.017598183881956095,0.4116450891020563,0.2784010282441777,0.4272232773748633,-0.14201763947230403,0.42143955041468684,-0.16198113799695882,-0.3076479813155172,-0.16750734160291014,-0.3121100731843197,0.1591649232934454,-0.11247811463534992,0.31654548630248786,-0.00878119072557626,0.5540208256094324,0.15539035407961765,0.7110107177745543,0.27278232198044733,0.8711664296816346,0.41110341530947736,1.0,0.5576180662112495,0.8993969476640685,0.5008545837389984,0.7442229484597772,0.3868866411069282,0.5798869620376096,0.29828926132685685,0.46318725701626573,0.24481686640944517,0.3844070093666438,-0.4167918890931048,0.3980215201967923,-0.4757884289329359,0.2532618873847109,-0.2657834119315696
Chroma_7_std,0.026458246724387853,0.4897235288339785,-0.3479858237871213,0.3458724579062791,-0.12275422514686483,0.3795284061548374,0.1610189774658407,0.34171125745261244,-0.0012585358726277672,0.33117787380324953,0.06909621761528864,0.35628042006251187,0.09375949843125443,0.318828381164624,0.13664981543258567,0.3086686484300906,0.005572638737750845,0.31069083049790247,0.15296677165706818,0.2751878833927441,0.10615927570500515,0.2600271275275695,0.11289735394797136,0.25191957411870775,0.0525900408670209,0.2394779831213068,-0.28273392790781715,0.11812318115752238,-0.29211805476631236,0.10431371837163249,-0.09717156255066303,0.18897510215403773,0.044833699471727675,0.28652982329328,0.23237506490639345,0.48334513708034366,0.33596379589210823,0.6151988041855615,0.43512200774224297,0.772860583734023,0.5576180662112495,1.0,0.5050165831160963,0.8340533546543379,0.45539408423166006,0.6600698652853056,0.4144646549182489,0.5488787286415696,0.3578214989080541,0.47485595271760805,-0.09379091702565291,0.13026343634533466,0.033202910291277844,-0.013859373649602652,-0.22135193684667118,0.25163608481375077
Chroma_8_mean,0.5272404851396119,0.33825767275441837,0.04764700188541313,0.40509885446929866,-0.2516984630631865,0.4287041652386828,0.637355741489795,0.4902188862523009,-0.10021036363869545,0.46037247615355403,0.41061017610489564,0.4598090770707678,0.17193852617746802,0.49378845261955584,0.34988143963305135,0.4987260302895218,0.11617760875864301,0.4944729412839895,0.40670906316555855,0.5096320427729129,-0.004316697683970261,0.4920760875893045,0.374522357630099,0.5051317565867197,-0.0927987647712564,0.49637895799883863,-0.0421728813719896,-0.18739907072424636,-0.21548701960947697,-0.31357219601789754,0.05369237864674826,-0.1707125735112484,0.20067610545424852,-0.0867306324198254,0.4342276917405447,0.07475933961803961,0.5668030361044927,0.1841791542637115,0.6943611550771334,0.29234758717820775,0.8993969476640685,0.5050165831160963,1.0,0.6358168515246787,0.8979867100548478,0.5404074617120592,0.7276094684664797,0.4283799790768423,0.6067599531959856,0.36478835221894584,0.2986415054680027,-0.3160609538031286,0.3662109709372132,-0.4498064378116134,0.13431549819789468,-0.13278014423178813
Chroma_8_std,0.09719728332593443,0.5761835314232528,-0.3007436466679166,0.48762708471380506,0.04749505189117335,0.43110848736401575,0.2752796308124204,0.4299830355322827,-0.006142901246520534,0.4232260216734029,0.27961446543524854,0.41159938199491153,0.20218426243094464,0.39868314488197576,0.18499558059165072,0.40075147651348975,0.12534111029048778,0.38443734881820035,0.26583455823168295,0.36719349439485405,0.08612506684978263,0.34701782484300125,0.2370997765769375,0.33763643883059874,0.06813872686975012,0.31954231142519984,-0.09466594348019794,0.21171331647668443,-0.32694190358814246,0.01318198344025543,-0.17304072456831648,0.04859352970085649,-0.04558987140369424,0.12514174205385517,0.13872934853922836,0.3010619276580088,0.22524929180684095,0.4149121421168418,0.3070779220699594,0.526178173044858,0.5008545837389984,0.8340533546543379,0.6358168515246787,1.0,0.6208833960590641,0.8618000580008064,0.5652250424247273,0.7080104765911637,0.49338693125615596,0.6127149161908338,-0.16094655037675368,0.20566560193326922,0.023193828678654615,-0.015790176447613713,-0.3092835797667367,0.3452924282350837
Chroma_9_mean,0.4832470917730052,0.44170979728757953,-0.03429795244276392,0.5126288805430761,-0.004113602305170317,0.4857367797258837,0.5465851882750392,0.5433234697892789,-0.025212128592903824,0.5234961435426833,0.5333326018283864,0.5217821783208716,0.13144298782322347,0.5502154352913586,0.43942729162113003,0.563390771246281,0.2037216965551578,0.5461216280338274,0.40020164854376955,0.5527996976213113,0.11396558799608765,0.5416012887213513,0.4175701422643404,0.5446414249572125,-0.05434306825048149,0.5337603421264442,0.022531180183922087,-0.06868704258068868,-0.25456113585679807,-0.2906365605369361,-0.027386363904943336,-0.1972258294422678,0.11242685054786357,-0.11495279605360302,0.32076100854198486,0.036146169798020406,0.43491137653000433,0.13929043465751392,0.5519266012006736,0.2479703742793284,0.7442229484597772,0.45539408423166006,0.8979867100548478,0.6208833960590641,1.0,0.6933358348524559,0.903351218770788,0.616691536093442,0.7892012510161839,0.5384029236696295,0.19169020959556546,-0.19498268140778932,0.3165065623580902,-0.4007453235413859,-0.007267287614700657,0.018699443806233028
Chroma_9_std,0.1169340106740784,0.6049063678486102,-0.2786543589568197,0.5921472253920234,0.2010608610860513,0.4656959887242812,0.2515231849440801,0.47378129251315904,0.073533663494765,0.4679228854602295,0.3731627079829244,0.4657628075923787,0.16207755394486426,0.44228487413399414,0.28892772945188394,0.44671578300660164,0.1834099010333988,0.42717517808968114,0.26291759893668937,0.4036881471884545,0.17122275328802086,0.3854066352027774,0.2853450012474562,0.3647164713774138,0.08151021400023424,0.3477944601608054,0.008513773991777851,0.27054388111337263,-0.33249164866766334,-0.025502820502643592,-0.2200928564891723,-0.030986532678743704,-0.1036911045643909,0.042182222878879,0.056214711842835545,0.19438672640060303,0.12830368390965452,0.2789973796814301,0.22038074292149837,0.39418940257900065,0.3868866411069282,0.6600698652853056,0.5404074617120592,0.8618000580008064,0.6933358348524559,1.0,0.697786912695105,0.9029234899218708,0.6260874833778606,0.7922517568264021,-0.24734272780242508,0.2908320964067151,-0.011326358224126875,0.014556767992213787,-0.4042836524383749,0.434081244206518
Chroma_10_mean,0.39741672153342006,0.4939222551917828,-0.1075913686198486,0.5754283023438305,0.2127150933740502,0.5276286993624041,0.3917696979288164,0.5564010664717217,0.1287005202623046,0.5422204020577424,0.5115740896094131,0.5501289097958156,0.13234589441817401,0.5670136199699894,0.4972831992358408,0.5856784478113327,0.14423743851561924,0.5636220600406473,0.4577690682399467,0.5659671887795227,0.14524061540733424,0.5575242676525334,0.41172190628404637,0.5478967100770671,0.03523239142358137,0.5384713511760617,0.06140777728735817,0.027642569323053603,-0.25766188613541874,-0.23768107500880364,-0.08629473419589136,-0.18331756589225812,0.038153166815098505,-0.10709125766840978,0.2175071210219822,0.03111623962204548,0.3068281249319932,0.11776071259453215,0.3926453671880293,0.20774600462313947,0.5798869620376096,0.4144646549182489,0.7276094684664797,0.5652250424247273,0.903351218770788,0.697786912695105,1.0,0.7556949728929473,0.9458392951894655,0.707446251698597,0.07476101052655904,-0.06314070394933284,0.2457396113100938,-0.31729464782190286,-0.14498527064940842,0.1604699821992123
Chroma_10_std,0.11002757167824623,0.5920028426039775,-0.2700489718466301,0.6336954775062497,0.30530044508575693,0.5067036983712828,0.18698866642397702,0.48825682534462383,0.17138219148367698,0.4719876814895101,0.3512880038857567,0.48466997997472083,0.14974313816285156,0.4625582561625591,0.3375829485381835,0.46948173868967213,0.13082855954301523,0.4463678042502277,0.29713677726161664,0.4258458995263846,0.1684789056836092,0.4075848467699446,0.29242206516129515,0.3799641244607474,0.11176883291400254,0.3609738348215968,0.05191307087135885,0.28050366637454366,-0.3025475035791158,-0.01891185486510811,-0.22845151996483898,-0.0416267992887963,-0.12839573089201176,0.019411585835084837,0.0058841541433058775,0.1490626640640066,0.06480248440855704,0.21516976885556327,0.14700488102353443,0.3139729874361465,0.29828926132685685,0.5488787286415696,0.4283799790768423,0.7080104765911637,0.616691536093442,0.9029234899218708,0.7556949728929473,1.0,0.7204721415456574,0.9280023920250943,-0.31903602031627365,0.3569543462642058,-0.057878357990263946,0.06427750056049512,-0.4698920947074799,0.4893758604748865
Chroma_11_mean,0.31640369204164365,0.48085639416090037,-0.146450412428408,0.556952284899795,0.31275602205613834,0.5148461519517374,0.275507719602637,0.5310026652324354,0.2318908107949697,0.5131824923427893,0.4226561008639403,0.5256341117163105,0.19528495769165458,0.5337991880929477,0.43101237232562983,0.5537917095698319,0.1598555429357863,0.5331800346481593,0.43248929206309594,0.5348159803953283,0.14920111737409872,0.5250821423439763,0.40662342949663866,0.511963112277953,0.0609104556224665,0.5069633865136085,0.07644285330566764,0.07331770709695228,-0.2479505457241489,-0.2006535497510466,-0.11260242902646318,-0.1613508287929356,-0.0012503573192724701,-0.09253934323963621,0.1515728994594688,0.027657524125114533,0.22499677101557766,0.09858498532735233,0.29183442511764607,0.1709815799116446,0.46318725701626573,0.3578214989080541,0.6067599531959856,0.49338693125615596,0.7892012510161839,0.6260874833778606,0.9458392951894655,0.7204721415456574,1.0,0.7640794538798215,0.009029981022223561,0.007795805743944792,0.19036650072182557,-0.2484100399979132,-0.2085624098805422,0.2223496041976822
Chroma_11_std,0.09577650737199281,0.5605515398447491,-0.2598651645379309,0.6213155133261329,0.34921315073927706,0.5166411399830383,0.13925313003434076,0.48908858278038925,0.24131470153317527,0.466078103689919,0.29622128864479563,0.474534465746341,0.19404219068835887,0.45186745267970885,0.30235785837502555,0.4613458755845922,0.13012571782515117,0.4437675444668195,0.2926404787194329,0.4241734649003205,0.15638259350752648,0.4053234176519936,0.3019349034067814,0.37697570892592347,0.11156753150810358,0.3637240210996298,0.07465196507981758,0.2790698976312876,-0.2802249732928635,-0.0212617446430279,-0.22740890794946897,-0.04076128840977183,-0.13785455096807736,0.01231264573219672,-0.018327633098411057,0.12562751316281576,0.032218548998775236,0.17766719338385353,0.10263271039893347,0.25953576502302345,0.24481686640944517,0.47485595271760805,0.36478835221894584,0.6127149161908338,0.5384029236696295,0.7922517568264021,0.707446251698597,0.9280023920250943,0.7640794538798215,1.0,-0.3396648153432103,0.37665625787804036,-0.07919380707266885,0.09229018323399694,-0.4888675416254042,0.5031712289969557
SpecCentroid_mean,0.3242746035327475,-0.2756332623764576,0.338684827228598,-0.2890222070726739,-0.4649932954069131,-0.10790029150596997,0.16927127870699873,-0.03732012256949701,-0.25773666308234294,-0.025159305528844694,-0.045433061098827804,-0.010839892652464236,-0.2177850846232521,0.038595995766561746,0.012069686829088848,0.059013363786406516,-0.14419402746837612,0.06969786119547608,0.0041688923455555586,0.10550934889677517,-0.18035237818524916,0.12574037274953018,0.012812273166661548,0.15449918813382194,-0.2014585347167863,0.16953908963522435,-0.2307176336287973,-0.5292840262459418,0.2884468815364913,-0.22981020662452167,0.47763761179967795,-0.02046612568464892,0.4820059762336124,0.015387513814116386,0.4706888907712492,-0.005207209788716266,0.46614348207813194,-0.006648050037410684,0.4324582102552771,-0.009493103187028014,0.3844070093666438,-0.09379091702565291,0.2986415054680027,-0.16094655037675368,0.19169020959556546,-0.24734272780242508,0.07476101052655904,-0.31903602031627365,0.009029981022223561,-0.3396648153432103,1.0,-0.9581598377349171,0.8096304532638458,-0.8201776593309182,0.7970184156969622,-0.7708021535908935
SpecCentroid_std,-0.3419598291311993,0.3645497378964363,-0.3338592219884257,0.374809680923909,0.5394172811415465,0.18306067228658038,-0.15158749918696937,0.10682940176792717,0.29661990420701684,0.09434900300978762,0.08114109928642653,0.08051148757188796,0.2478069457687377,0.023514959907034765,0.006671912524307391,0.003092156491510726,0.14367715633958328,-0.008633599127638416,0.018001922700224837,-0.04831266488002844,0.1921345262006204,-0.06819593313447553,0.008458186447792589,-0.1008490273847915,0.21222021931117663,-0.1166011237908435,0.2848384036330652,0.5939591779745405,-0.2783098532364071,0.2621505650537244,-0.5180303640579752,0.02356696281843126,-0.5356241582151974,-0.020439778524572547,-0.5193399351810281,0.00793461410578275,-0.5238528387178014,0.007423009891733272,-0.48522295575591484,0.01812449613612397,-0.4167918890931048,0.13026343634533466,-0.3160609538031286,0.20566560193326922,-0.19498268140778932,0.2908320964067151,-0.06314070394933284,0.3569543462642058,0.007795805743944792,0.37665625787804036,-0.9581598377349171,1.0,-0.7413162587504224,0.8207544611407328,-0.818160956448123,0.84181122889195
SpecBandwidth_mean,0.31971311328634017,-0.07774139158654002,0.24730956221057543,-0.08342232104305966,-0.2704973967808973,0.013453689354879854,0.2697291237644715,0.12275765357574406,-0.1432255345302063,0.14760635991991913,0.1045707188220853,0.16067586582791793,-0.13019253798571145,0.204763768163399,0.1268926790361774,0.2163905010439971,-0.0879455300482027,0.23014706939087867,0.11571852990566155,0.24801423895244126,-0.11948051186370978,0.26564220773323166,0.12207720280055921,0.27101535092310797,-0.14959301407255915,0.28394993536498764,-0.12014742399897282,-0.3565471908586029,0.15357269714257288,-0.20737186416268183,0.31367250881723224,-0.046867320965476536,0.3445071065793642,-0.010603800417966018,0.37169223784879035,-0.005279964910525746,0.3997434483744777,0.02150020328839739,0.3948889052204403,0.04590203254827842,0.3980215201967923,0.033202910291277844,0.3662109709372132,0.023193828678654615,0.3165065623580902,-0.011326358224126875,0.2457396113100938,-0.057878357990263946,0.19036650072182557,-0.07919380707266885,0.8096304532638458,-0.7413162587504224,1.0,-0.9392529267702762,0.4205684552004797,-0.40982633932802814
SpecBandwidth_std,-0.39144043894211383,0.12461555680003626,-0.2653849170218461,0.13077797844060274,0.2977275121803203,0.028062913517113233,-0.31390923370392376,-0.10649892774486289,0.16910440802589327,-0.13492628956343958,-0.14523725286863684,-0.14878936737864293,0.14115204031987091,-0.2073555220483483,-0.1621189660814708,-0.2261974088806119,0.07221694646619721,-0.24045737405739323,-0.1457209602365803,-0.26465151102674367,0.12074774938682747,-0.2841497276894687,-0.1500391653089234,-0.2958736651932419,0.16279482180892854,-0.31136249092493146,0.1310594975817041,0.4135611446771612,-0.14006445476760396,0.2726353814226065,-0.3390012793460037,0.09676191427229312,-0.38965567995780565,0.04443997361369216,-0.4271614506581808,0.037021231718018285,-0.4711541380345043,-0.00017179990033774963,-0.4700698951182741,-0.029831669471155804,-0.4757884289329359,-0.013859373649602652,-0.4498064378116134,-0.015790176447613713,-0.4007453235413859,0.014556767992213787,-0.31729464782190286,0.06427750056049512,-0.2484100399979132,0.09229018323399694,-0.8201776593309182,0.8207544611407328,-0.9392529267702762,1.0,-0.47594029262788046,0.4848516937237056
ZCR_mean,0.23867155070232532,-0.447668438932557,0.3653850627197298,-0.41939238019440084,-0.5397745315850372,-0.259630832094306,0.04421618432375685,-0.2278957798602528,-0.3277039646640048,-0.22217463779440663,-0.21029040259371307,-0.21817520615972433,-0.28720461198135516,-0.17269460498794434,-0.14411219358696817,-0.15399400163594748,-0.21987634326071487,-0.14139717181894262,-0.15536159293601057,-0.09852770187479322,-0.26009061534929656,-0.08152324631552897,-0.15968103045822243,-0.03793995293373341,-0.27507968741753475,-0.02533570078566321,-0.24391916660856075,-0.5953380452971276,0.3604425620568416,-0.2109342184887806,0.49934187806668673,-0.012399015375859723,0.46385040016632567,0.002532350547294034,0.41012203223767707,-0.04993887781514421,0.3832034768114784,-0.0744780471903952,0.3385028389325184,-0.09784399572864501,0.2532618873847109,-0.22135193684667118,0.13431549819789468,-0.3092835797667367,-0.007267287614700657,-0.4042836524383749,-0.14498527064940842,-0.4698920947074799,-0.2085624098805422,-0.4888675416254042,0.7970184156969622,-0.818160956448123,0.4205684552004797,-0.47594029262788046,1.0,-0.9642807944001336
ZCR_std,-0.2357018574055438,0.5150190866362131,-0.34571182794932476,0.47663209780301175,0.59947621382517,0.3178579727548213,-0.006060740267242194,0.28030997861557566,0.3607255377767604,0.2753328142665316,0.25827668728402736,0.2719004631882145,0.31745597244070495,0.22485915921668798,0.16558659817989654,0.21054195322773062,0.22531345680682704,0.19565023944448326,0.1773904309729015,0.1532862545583139,0.26690738240006123,0.13663782650809084,0.18091493825934266,0.09426755184239378,0.27463960226075124,0.08299023341719344,0.30555773633320576,0.6336877371299603,-0.3612288822173705,0.2197173158480269,-0.5423743916199063,0.0011687117126132577,-0.5096810731233499,-0.015488223355104547,-0.4432267573472667,0.04911645955910208,-0.42107169450673027,0.07457581844605525,-0.3701042547090061,0.10794316238908742,-0.2657834119315696,0.25163608481375077,-0.13278014423178813,0.3452924282350837,0.018699443806233028,0.434081244206518,0.1604699821992123,0.4893758604748865,0.2223496041976822,0.5031712289969557,-0.7708021535908935,0.84181122889195,-0.40982633932802814,0.4848516937237056,-0.9642807944001336,1.0
